neutral	Grace is an accountant.	Grace lives in United Kingdom.
neutral	Ashley is an actor.	Ashley lives in Azerbaijan.
neutral	John is a librarian.	John lives in Ukraine.
neutral	Elaine is a hairdresser.	Elaine lives in Mexico.
neutral	Marilyn is an author.	Marilyn lives in Italy.
neutral	Emma is a dentist.	Emma lives in Saudi Arabia.
neutral	Joan is a photographer.	Joan lives in China.
neutral	Philip is a scientist.	Philip lives in Israel.
neutral	Melissa is an accountant.	Melissa lives in South Korea.
neutral	Bobby is an accountant.	Bobby lives in Pakistan.
neutral	Susan is an actor.	Susan lives in Switzerland.
neutral	Carolyn is an architect.	Carolyn lives in Haiti.
neutral	Carolyn is a firefighter.	Carolyn lives in China.
neutral	Peter is a dentist.	Peter lives in Pakistan.
neutral	Rachel is a dentist.	Rachel lives in Vietnam.
neutral	Betty is a model.	Betty lives in Austria.
neutral	Sue is a hairdresser.	Sue lives in Iraq.
neutral	Sally is a butler.	Sally lives in Malaysia.
neutral	Howard is a lawyer.	Howard lives in Chile.
neutral	Frances is a nurse.	Frances lives in Haiti.
neutral	Daniel is a plumber.	Daniel lives in Maldives.
neutral	Judy is a dentist.	Judy lives in Poland.
neutral	Karen is a mechanic.	Karen lives in Egypt.
neutral	Charlotte is a dietitian.	Charlotte lives in Zimbabwe.
neutral	David is a dentist.	David lives in Georgia.
neutral	Robert is a police officer.	Robert lives in Maldives.
neutral	Dick is an artist.	Dick lives in Portugal.
neutral	Dan is an electrician.	Dan lives in United Kingdom.
neutral	Henry is a secretary.	Henry lives in South Korea.
neutral	Charlotte is an economist.	Charlotte lives in China.
neutral	Alice is a chef.	Alice lives in Chile.
neutral	Sally is a farmer.	Sally lives in Taiwan.
neutral	Edwin is a physician.	Edwin lives in Zimbabwe.
neutral	Ann is a lecturer.	Ann lives in Malaysia.
neutral	Alexandra is a tailor.	Alexandra lives in Canada.
neutral	Philip is a plumber.	Philip lives in Taiwan.
neutral	Rachel is a secretary.	Rachel lives in Australia.
neutral	George is a photographer.	George lives in Denmark.
neutral	Don is a hairdresser.	Don lives in Greece.
neutral	Billy is a model.	Billy lives in Taiwan.
neutral	Charlie is a nurse.	Charlie lives in Ireland.
neutral	Barbara is a tailor.	Barbara lives in United Kingdom.
neutral	Roger is a lecturer.	Roger lives in United Arab Emirates.
neutral	Emma is a librarian.	Emma lives in Poland.
neutral	Amy is an aviator.	Amy lives in Turkey.
neutral	Ed is a hairdresser.	Ed lives in France.
neutral	Wendy is an artist.	Wendy lives in Italy.
neutral	Ray is an economist.	Ray lives in United Kingdom.
neutral	Alison is a cook.	Alison lives in Libya.
neutral	Christine is a writer.	Christine lives in Taiwan.
neutral	Edward is a secretary.	Edward lives in Austria.
neutral	Lauren is a lawyer.	Lauren lives in Philippines.
neutral	Hugh is a professor.	Hugh lives in Belgium.
neutral	Philip is a librarian.	Philip lives in Italy.
neutral	Victoria is a writer.	Victoria lives in South Korea.
neutral	Lucy is a professor.	Lucy lives in Brazil.
neutral	Nancy is a mechanic.	Nancy lives in China.
neutral	Johnny is a hairdresser.	Johnny lives in Fiji.
neutral	Sharon is a chef.	Sharon lives in Mexico.
neutral	Eric is an engineer.	Eric lives in China.
neutral	Kelly is an architect.	Kelly lives in Bangladesh.
neutral	Sara is a lecturer.	Sara lives in Turkey.
neutral	Lynn is a physician.	Lynn lives in Austria.
neutral	Carolyn is a scientist.	Carolyn lives in Ecuador.
neutral	Victoria is an accountant.	Victoria lives in France.
neutral	Wendy is an actor.	Wendy lives in Taiwan.
neutral	Amy is an author.	Amy lives in Egypt.
neutral	Donald is a farmer.	Donald lives in United Arab Emirates.
neutral	Kathy is a farmer.	Kathy lives in Taiwan.
neutral	Carol is a plumber.	Carol lives in United Arab Emirates.
neutral	Kelly is a physician.	Kelly lives in Libya.
neutral	Lawrence is a firefighter.	Lawrence lives in Pakistan.
neutral	Richard is an accountant.	Richard lives in Uruguay.
neutral	Larry is a plumber.	Larry lives in Japan.
neutral	Emily is a butler.	Emily lives in Switzerland.
neutral	Dick is an engineer.	Dick lives in Canada.
neutral	Jeff is a chef.	Jeff lives in Azerbaijan.
neutral	Claire is a secretary.	Claire lives in New Zealand.
neutral	Johnny is an engineer.	Johnny lives in Belarus.
neutral	Claire is a dietitian.	Claire lives in Sweden.
neutral	Ryan is a physician.	Ryan lives in France.
neutral	Harriet is a lawyer.	Harriet lives in Russia.
neutral	Marie is an electrician.	Marie lives in Turkey.
neutral	Suzanne is a professor.	Suzanne lives in Brazil.
neutral	Alan is a physician.	Alan lives in North Korea.
neutral	Janet is an author.	Janet lives in Ghana.
neutral	Lucy is a librarian.	Lucy lives in Ghana.
neutral	Ken is a librarian.	Ken lives in Uruguay.
neutral	Ellen is an artist.	Ellen lives in India.
neutral	Tim is an electrician.	Tim lives in Singapore.
neutral	Cynthia is a cook.	Cynthia lives in Mexico.
neutral	Alex is a scientist.	Alex lives in Afghanistan.
neutral	Ellen is an artist.	Ellen lives in Greece.
neutral	Elaine is a designer.	Elaine lives in Poland.
neutral	Lucy is a farmer.	Lucy lives in Argentina.
neutral	Elizabeth is a nurse.	Elizabeth lives in Egypt.
neutral	Kathryn is a mechanic.	Kathryn lives in Philippines.
neutral	Bruce is a secretary.	Bruce lives in Finland.
neutral	Albert is an electrician.	Albert lives in Portugal.
neutral	Tom is a teacher.	Tom lives in Argentina.
neutral	Paul is a lecturer.	Paul lives in Belgium.
neutral	Daniel is a photographer.	Daniel lives in China.
neutral	Katie is a hairdresser.	Katie lives in Azerbaijan.
neutral	Frank is a photographer.	Frank lives in India.
neutral	Susan is a mechanic.	Susan lives in Libya.
neutral	Joe is a lecturer.	Joe lives in Brazil.
neutral	Lynn is a teacher.	Lynn lives in Georgia.
neutral	Melissa is a farmer.	Melissa lives in Denmark.
neutral	Harry is a secretary.	Harry lives in Belarus.
neutral	Sandra is an author.	Sandra lives in South Korea.
neutral	Pamela is a firefighter.	Pamela lives in Ireland.
neutral	Ruth is a mechanic.	Ruth lives in Haiti.
neutral	Nicole is a photographer.	Nicole lives in Iceland.
neutral	Nick is a writer.	Nick lives in Ireland.
neutral	Lucy is a police officer.	Lucy lives in Zimbabwe.
neutral	Joe is an engineer.	Joe lives in Pakistan.
neutral	Lawrence is a lawyer.	Lawrence lives in India.
neutral	Ashley is an author.	Ashley lives in Pakistan.
neutral	Kim is a police officer.	Kim lives in Sweden.
neutral	Sandra is a teacher.	Sandra lives in North Korea.
neutral	Kevin is an author.	Kevin lives in Argentina.
neutral	Ron is a physician.	Ron lives in United Kingdom.
neutral	John is a judge.	John lives in Israel.
neutral	Arthur is a plumber.	Arthur lives in Indonesia.
neutral	Walter is an electrician.	Walter lives in Singapore.
neutral	Caroline is a secretary.	Caroline lives in Iraq.
neutral	Melissa is an artist.	Melissa lives in South Korea.
neutral	Kathleen is a nurse.	Kathleen lives in United Arab Emirates.
neutral	Bruce is an actor.	Bruce lives in Egypt.
neutral	Louis is an engineer.	Louis lives in Greece.
neutral	Elaine is a farmer.	Elaine lives in Colombia.
neutral	Patrick is an architect.	Patrick lives in Afghanistan.
neutral	Julia is a cook.	Julia lives in Denmark.
neutral	Christopher is an economist.	Christopher lives in Ukraine.
neutral	Rachel is a nurse.	Rachel lives in Ukraine.
neutral	Matt is an artist.	Matt lives in Finland.
neutral	Marilyn is a judge.	Marilyn lives in Argentina.
neutral	Ron is a tailor.	Ron lives in Ireland.
neutral	Ray is an electrician.	Ray lives in Laos.
neutral	Johnny is a hairdresser.	Johnny lives in India.
neutral	William is an aviator.	William lives in Germany.
neutral	Andrew is a tailor.	Andrew lives in Indonesia.
neutral	Diana is an accountant.	Diana lives in Greece.
neutral	Edwin is a tailor.	Edwin lives in Ecuador.
neutral	Andrea is a librarian.	Andrea lives in Zimbabwe.
neutral	Joseph is a nurse.	Joseph lives in United Kingdom.
neutral	Lawrence is a police officer.	Lawrence lives in Portugal.
neutral	Bruce is a physician.	Bruce lives in Israel.
neutral	Walter is an engineer.	Walter lives in Cuba.
neutral	Deborah is a librarian.	Deborah lives in Uruguay.
neutral	Jessica is a lawyer.	Jessica lives in Chile.
neutral	Arthur is a lawyer.	Arthur lives in Iceland.
neutral	Jerry is a police officer.	Jerry lives in France.
neutral	Alison is a chef.	Alison lives in Germany.
neutral	Martin is a mechanic.	Martin lives in Ecuador.
neutral	Catherine is a judge.	Catherine lives in Cuba.
neutral	Lynn is an electrician.	Lynn lives in Thailand.
neutral	Alfred is a hairdresser.	Alfred lives in Fiji.
neutral	Bobby is an actor.	Bobby lives in Bhutan.
neutral	Larry is a writer.	Larry lives in Belgium.
neutral	Nicole is an author.	Nicole lives in United Arab Emirates.
neutral	Rose is a judge.	Rose lives in Mexico.
neutral	Frank is a writer.	Frank lives in Japan.
neutral	Judy is an architect.	Judy lives in Portugal.
neutral	Edith is a police officer.	Edith lives in Colombia.
neutral	Donna is a hairdresser.	Donna lives in Fiji.
neutral	Leslie is a librarian.	Leslie lives in Philippines.
neutral	Eleanor is a lecturer.	Eleanor lives in Russia.
neutral	Robert is a photographer.	Robert lives in Finland.
neutral	Steve is a farmer.	Steve lives in Philippines.
neutral	David is an electrician.	David lives in United Arab Emirates.
neutral	Jason is a physician.	Jason lives in United Arab Emirates.
neutral	Stephen is an economist.	Stephen lives in Haiti.
neutral	Caroline is a cook.	Caroline lives in Switzerland.
neutral	Charlie is an actor.	Charlie lives in North Korea.
neutral	Benjamin is a photographer.	Benjamin lives in Italy.
neutral	Patricia is a scientist.	Patricia lives in Bangladesh.
neutral	Frances is a chef.	Frances lives in Afghanistan.
neutral	Lucy is a professor.	Lucy lives in Ireland.
neutral	Francis is an engineer.	Francis lives in Nepal.
neutral	David is a dietitian.	David lives in Malaysia.
neutral	Donald is a librarian.	Donald lives in Japan.
neutral	Edward is a plumber.	Edward lives in Malaysia.
neutral	Carolyn is a hairdresser.	Carolyn lives in Iceland.
neutral	Evelyn is a cook.	Evelyn lives in Afghanistan.
neutral	Joe is a journalist.	Joe lives in Ghana.
neutral	Jerry is a secretary.	Jerry lives in United Arab Emirates.
neutral	Heather is a mechanic.	Heather lives in Ukraine.
neutral	Al is a scientist.	Al lives in Oman.
neutral	Bob is an accountant.	Bob lives in Sweden.
neutral	Henry is a dietitian.	Henry lives in Switzerland.
neutral	Roger is a mechanic.	Roger lives in Belgium.
neutral	Karen is a model.	Karen lives in Ireland.
neutral	Janet is a plumber.	Janet lives in Pakistan.
neutral	Louis is a butler.	Louis lives in Philippines.
neutral	Chris is a photographer.	Chris lives in Singapore.
neutral	Diana is a cook.	Diana lives in Japan.
neutral	Frank is a model.	Frank lives in Mexico.
neutral	Melissa is a model.	Melissa lives in Belgium.
neutral	Jack is a lawyer.	Jack lives in Belgium.
neutral	Alice is a butler.	Alice lives in Chile.
neutral	Patrick is an actor.	Patrick lives in Oman.
neutral	John is a physician.	John lives in Italy.
neutral	Kathryn is an aviator.	Kathryn lives in North Korea.
neutral	Jay is an economist.	Jay lives in Brazil.
neutral	Claire is a lawyer.	Claire lives in Laos.
neutral	Louise is a farmer.	Louise lives in Ireland.
neutral	Greg is a chef.	Greg lives in Argentina.
neutral	Henry is a model.	Henry lives in Poland.
neutral	Tony is a mechanic.	Tony lives in Libya.
neutral	Diana is a writer.	Diana lives in Colombia.
neutral	Jason is an electrician.	Jason lives in Denmark.
neutral	Michael is an economist.	Michael lives in Ireland.
neutral	Emma is a dietitian.	Emma lives in Bhutan.
neutral	Alison is a plumber.	Alison lives in Germany.
neutral	Anthony is a librarian.	Anthony lives in China.
neutral	Charles is a dietitian.	Charles lives in Nepal.
neutral	Anne is a lecturer.	Anne lives in United Kingdom.
neutral	Patricia is a designer.	Patricia lives in Thailand.
neutral	Philip is a secretary.	Philip lives in Cuba.
neutral	Tim is an electrician.	Tim lives in Qatar.
neutral	Ian is a journalist.	Ian lives in Turkey.
neutral	Kathleen is a plumber.	Kathleen lives in Greece.
neutral	Ellen is a mechanic.	Ellen lives in Austria.
neutral	Susan is a chef.	Susan lives in Qatar.
neutral	Betty is a lawyer.	Betty lives in Azerbaijan.
neutral	Roy is a hairdresser.	Roy lives in United States of America.
neutral	Sara is an actor.	Sara lives in Sweden.
neutral	Keith is an aviator.	Keith lives in Pakistan.
neutral	Lucy is a hairdresser.	Lucy lives in Belgium.
neutral	Barbara is a secretary.	Barbara lives in Maldives.
neutral	Dan is a lecturer.	Dan lives in Iran.
neutral	Steve is a judge.	Steve lives in France.
neutral	Lawrence is a butler.	Lawrence lives in Turkey.
neutral	Simon is a physician.	Simon lives in Thailand.
neutral	Anna is a professor.	Anna lives in Argentina.
neutral	Brian is a physician.	Brian lives in United Arab Emirates.
neutral	Jennifer is a teacher.	Jennifer lives in Austria.
neutral	Harriet is a model.	Harriet lives in North Korea.
neutral	Hugh is a cook.	Hugh lives in Germany.
neutral	Catherine is a photographer.	Catherine lives in Brazil.
neutral	Sarah is a lawyer.	Sarah lives in Austria.
neutral	Ralph is a mechanic.	Ralph lives in Ireland.
neutral	Florence is a nurse.	Florence lives in Israel.
neutral	Al is a hairdresser.	Al lives in Afghanistan.
neutral	Wendy is a journalist.	Wendy lives in Singapore.
neutral	Louis is a secretary.	Louis lives in United States of America.
neutral	Colin is an engineer.	Colin lives in Australia.
neutral	Jean is a dietitian.	Jean lives in Afghanistan.
neutral	Sophie is an engineer.	Sophie lives in Austria.
neutral	Emily is an architect.	Emily lives in Singapore.
neutral	Karen is a designer.	Karen lives in Ukraine.
neutral	Harold is a dietitian.	Harold lives in Philippines.
neutral	Eric is a lawyer.	Eric lives in Iceland.
neutral	Joseph is a mechanic.	Joseph lives in Italy.
neutral	Helen is a mechanic.	Helen lives in Oman.
neutral	Emily is a hairdresser.	Emily lives in Finland.
neutral	Johnny is a plumber.	Johnny lives in Greece.
neutral	Suzanne is a scientist.	Suzanne lives in Belgium.
neutral	Frances is a dentist.	Frances lives in Haiti.
neutral	Margaret is a nurse.	Margaret lives in Bangladesh.
neutral	Katie is a butler.	Katie lives in Austria.
neutral	Heather is a physician.	Heather lives in Canada.
neutral	Stephen is a dentist.	Stephen lives in Uruguay.
neutral	Leslie is an architect.	Leslie lives in Zimbabwe.
neutral	Ellen is a lecturer.	Ellen lives in Netherlands.
neutral	Virginia is a secretary.	Virginia lives in Switzerland.
neutral	Matthew is a writer.	Matthew lives in India.
neutral	Simon is a dietitian.	Simon lives in Libya.
neutral	Christopher is a writer.	Christopher lives in Austria.
neutral	Dan is an architect.	Dan lives in Russia.
neutral	Julia is a dietitian.	Julia lives in Hungary.
neutral	Alison is a tailor.	Alison lives in United States of America.
neutral	Arthur is a butler.	Arthur lives in Georgia.
neutral	Kevin is a dentist.	Kevin lives in Laos.
neutral	Anne is an aviator.	Anne lives in Russia.
neutral	Jill is an engineer.	Jill lives in Switzerland.
neutral	Matt is a dentist.	Matt lives in Malaysia.
neutral	Jonathan is a butler.	Jonathan lives in Pakistan.
neutral	Leslie is a teacher.	Leslie lives in Mexico.
neutral	Hugh is a journalist.	Hugh lives in Russia.
neutral	Anna is a journalist.	Anna lives in Saudi Arabia.
neutral	Kenneth is a librarian.	Kenneth lives in Ireland.
neutral	Nicole is a dentist.	Nicole lives in Turkey.
neutral	Frances is a secretary.	Frances lives in Afghanistan.
neutral	Christopher is a physician.	Christopher lives in India.
neutral	Julie is an actor.	Julie lives in Turkey.
neutral	Sally is a writer.	Sally lives in Iceland.
neutral	Caroline is an aviator.	Caroline lives in Belgium.
neutral	Christine is an engineer.	Christine lives in United Kingdom.
neutral	Jay is a lawyer.	Jay lives in North Korea.
neutral	Ed is an electrician.	Ed lives in Libya.
neutral	Jean is a writer.	Jean lives in Italy.
neutral	Kathy is an electrician.	Kathy lives in Italy.
neutral	Rose is a designer.	Rose lives in Chile.
neutral	Suzanne is a nurse.	Suzanne lives in North Korea.
neutral	Stephen is a writer.	Stephen lives in Iraq.
neutral	Steven is a dietitian.	Steven lives in Hungary.
neutral	Mike is a butler.	Mike lives in Austria.
neutral	Victoria is a journalist.	Victoria lives in Mexico.
neutral	Harold is a tailor.	Harold lives in Poland.
neutral	Kathleen is a teacher.	Kathleen lives in Belgium.
neutral	Martin is a scientist.	Martin lives in Iran.
neutral	Lucy is a chef.	Lucy lives in Libya.
neutral	Francis is an actor.	Francis lives in Germany.
neutral	Florence is a journalist.	Florence lives in Oman.
neutral	Kenneth is a mechanic.	Kenneth lives in France.
neutral	Bill is an electrician.	Bill lives in Taiwan.
neutral	Edward is a lawyer.	Edward lives in Canada.
neutral	Katherine is an engineer.	Katherine lives in Oman.
neutral	Dick is a farmer.	Dick lives in Russia.
neutral	Larry is a nurse.	Larry lives in Iran.
neutral	Helen is a butler.	Helen lives in Nepal.
neutral	Heather is a farmer.	Heather lives in Poland.
neutral	Christine is a photographer.	Christine lives in Iraq.
neutral	Joseph is an accountant.	Joseph lives in South Korea.
neutral	Melissa is a model.	Melissa lives in Qatar.
neutral	Brian is a model.	Brian lives in Taiwan.
neutral	Bobby is a secretary.	Bobby lives in China.
neutral	Alexandra is a physician.	Alexandra lives in China.
neutral	Donald is a dietitian.	Donald lives in United States of America.
neutral	Annie is a chef.	Annie lives in Afghanistan.
neutral	Howard is a secretary.	Howard lives in Bangladesh.
neutral	Richard is an economist.	Richard lives in Afghanistan.
neutral	Ken is a farmer.	Ken lives in Denmark.
neutral	Harold is a lecturer.	Harold lives in France.
neutral	John is a writer.	John lives in Ukraine.
neutral	Jill is a journalist.	Jill lives in Iraq.
neutral	Frederick is a farmer.	Frederick lives in Poland.
neutral	Helen is a scientist.	Helen lives in Iran.
neutral	Simon is a dietitian.	Simon lives in Cuba.
neutral	Rose is an economist.	Rose lives in Turkey.
neutral	Claire is a teacher.	Claire lives in Iceland.
neutral	Benjamin is a plumber.	Benjamin lives in Colombia.
neutral	Ellen is an actor.	Ellen lives in India.
neutral	Sue is a police officer.	Sue lives in Pakistan.
neutral	Steven is a plumber.	Steven lives in Russia.
neutral	Anna is a designer.	Anna lives in Taiwan.
neutral	Jerry is a dentist.	Jerry lives in Cuba.
neutral	Deborah is a tailor.	Deborah lives in Italy.
neutral	Jack is a mechanic.	Jack lives in North Korea.
neutral	Rebecca is an engineer.	Rebecca lives in Brazil.
neutral	Lynn is a lawyer.	Lynn lives in France.
neutral	David is a model.	David lives in New Zealand.
neutral	Robert is a butler.	Robert lives in Bangladesh.
neutral	Alan is a dentist.	Alan lives in Argentina.
neutral	Daniel is a plumber.	Daniel lives in Georgia.
neutral	Alexander is a mechanic.	Alexander lives in Colombia.
neutral	Deborah is a dietitian.	Deborah lives in Argentina.
neutral	Cynthia is a designer.	Cynthia lives in Qatar.
neutral	Bill is an author.	Bill lives in Pakistan.
neutral	Marie is a cook.	Marie lives in Taiwan.
neutral	Frederick is a butler.	Frederick lives in Japan.
neutral	Henry is an artist.	Henry lives in Malaysia.
neutral	Charlotte is a lecturer.	Charlotte lives in Afghanistan.
neutral	Sue is an aviator.	Sue lives in Libya.
neutral	Frederick is a writer.	Frederick lives in Iceland.
neutral	Louis is a lawyer.	Louis lives in Ecuador.
neutral	Stephanie is a writer.	Stephanie lives in Philippines.
neutral	Howard is a lawyer.	Howard lives in Haiti.
neutral	Ralph is a tailor.	Ralph lives in Nepal.
neutral	Robin is a lawyer.	Robin lives in Greece.
neutral	Don is a lawyer.	Don lives in Thailand.
neutral	Judith is a butler.	Judith lives in Denmark.
neutral	Charlie is a hairdresser.	Charlie lives in Iran.
neutral	David is a tailor.	David lives in Israel.
neutral	Alexandra is a lawyer.	Alexandra lives in Germany.
neutral	George is an engineer.	George lives in Argentina.
neutral	David is a designer.	David lives in Brazil.
neutral	Alice is a teacher.	Alice lives in Finland.
neutral	Larry is a plumber.	Larry lives in Malaysia.
neutral	Jeff is a mechanic.	Jeff lives in Iraq.
neutral	Charlie is a nurse.	Charlie lives in Italy.
neutral	Scott is a teacher.	Scott lives in Chile.
neutral	Alex is a judge.	Alex lives in Cuba.
neutral	Janet is an economist.	Janet lives in United Kingdom.
neutral	Al is a police officer.	Al lives in Ecuador.
neutral	Janet is a physician.	Janet lives in Fiji.
neutral	Larry is a chef.	Larry lives in Bangladesh.
neutral	Tim is a designer.	Tim lives in Austria.
neutral	Edwin is a journalist.	Edwin lives in Netherlands.
neutral	Alexandra is a secretary.	Alexandra lives in Thailand.
neutral	Alexander is a lawyer.	Alexander lives in Mexico.
neutral	Donna is a cook.	Donna lives in Fiji.
neutral	Philip is a librarian.	Philip lives in Canada.
neutral	Patrick is a lecturer.	Patrick lives in Iraq.
neutral	Barbara is a model.	Barbara lives in Argentina.
neutral	Ruth is a judge.	Ruth lives in Azerbaijan.
neutral	Elaine is a lawyer.	Elaine lives in Netherlands.
neutral	James is a scientist.	James lives in Mexico.
neutral	Marie is a lecturer.	Marie lives in Turkey.
neutral	Jeff is a physician.	Jeff lives in Singapore.
neutral	Elizabeth is an author.	Elizabeth lives in Ukraine.
neutral	Eric is an author.	Eric lives in Turkey.
neutral	Edward is a writer.	Edward lives in Denmark.
neutral	Joe is a physician.	Joe lives in Georgia.
neutral	Matt is a dentist.	Matt lives in Zimbabwe.
neutral	Philip is a professor.	Philip lives in Iraq.
neutral	Joe is an architect.	Joe lives in Vietnam.
neutral	Leslie is a journalist.	Leslie lives in Denmark.
neutral	Brian is a lecturer.	Brian lives in Australia.
neutral	Bobby is a chef.	Bobby lives in Ghana.
neutral	Carolyn is a lawyer.	Carolyn lives in United Arab Emirates.
neutral	Billy is a mechanic.	Billy lives in Nepal.
neutral	Jim is a dietitian.	Jim lives in Sweden.
neutral	Paul is a police officer.	Paul lives in Canada.
neutral	Janet is a lawyer.	Janet lives in Denmark.
neutral	Jerry is a lawyer.	Jerry lives in Colombia.
neutral	Keith is a physician.	Keith lives in Russia.
neutral	Joan is an electrician.	Joan lives in Libya.
neutral	Pamela is a farmer.	Pamela lives in France.
neutral	Charles is a mechanic.	Charles lives in Argentina.
neutral	Patrick is a lawyer.	Patrick lives in Egypt.
neutral	Carl is a butler.	Carl lives in Saudi Arabia.
neutral	Andrew is a journalist.	Andrew lives in Brazil.
neutral	Nick is a photographer.	Nick lives in Iran.
neutral	Larry is a butler.	Larry lives in Philippines.
neutral	Matt is a scientist.	Matt lives in Nepal.
neutral	Sophie is a plumber.	Sophie lives in Philippines.
neutral	Stephen is an artist.	Stephen lives in Libya.
neutral	Samuel is an actor.	Samuel lives in Saudi Arabia.
neutral	George is a secretary.	George lives in Netherlands.
neutral	Anne is a firefighter.	Anne lives in Argentina.
neutral	Jane is a firefighter.	Jane lives in Iceland.
neutral	Melissa is a firefighter.	Melissa lives in Haiti.
neutral	Ian is a lecturer.	Ian lives in Afghanistan.
neutral	Michael is a butler.	Michael lives in Ghana.
neutral	Lisa is a chef.	Lisa lives in South Korea.
neutral	Carol is a hairdresser.	Carol lives in United Kingdom.
neutral	Johnny is a dentist.	Johnny lives in Hungary.
neutral	Joan is an author.	Joan lives in Cuba.
neutral	Frederick is a model.	Frederick lives in Thailand.
neutral	Sandra is a dietitian.	Sandra lives in Egypt.
neutral	Louise is a hairdresser.	Louise lives in Japan.
neutral	Jonathan is a lecturer.	Jonathan lives in Finland.
neutral	Adam is an accountant.	Adam lives in Haiti.
neutral	Peter is a firefighter.	Peter lives in Russia.
neutral	Greg is a dietitian.	Greg lives in Ghana.
neutral	Sally is an aviator.	Sally lives in China.
neutral	Jean is a professor.	Jean lives in Italy.
neutral	Angela is a dietitian.	Angela lives in United States of America.
neutral	Ian is an engineer.	Ian lives in Vietnam.
neutral	Jonathan is an accountant.	Jonathan lives in Belarus.
neutral	Ann is a butler.	Ann lives in Japan.
neutral	Stephanie is an actor.	Stephanie lives in India.
neutral	Alison is a model.	Alison lives in Hungary.
neutral	Brian is a judge.	Brian lives in Switzerland.
neutral	Sam is a lecturer.	Sam lives in Vietnam.
neutral	Patricia is a scientist.	Patricia lives in Bangladesh.
neutral	Kathy is a scientist.	Kathy lives in Sweden.
neutral	Colin is a dentist.	Colin lives in Laos.
neutral	Harold is a lecturer.	Harold lives in France.
neutral	Ken is an aviator.	Ken lives in Maldives.
neutral	Ellen is a scientist.	Ellen lives in Vietnam.
neutral	Francis is a judge.	Francis lives in Iraq.
neutral	Don is an engineer.	Don lives in Netherlands.
neutral	Ruth is a police officer.	Ruth lives in Philippines.
neutral	Anthony is a mechanic.	Anthony lives in Laos.
neutral	Emma is a scientist.	Emma lives in Denmark.
neutral	Arthur is a physician.	Arthur lives in Bhutan.
neutral	Alexandra is an artist.	Alexandra lives in Oman.
neutral	Carolyn is a lecturer.	Carolyn lives in Canada.
neutral	Suzanne is a cook.	Suzanne lives in Laos.
neutral	Sandra is a teacher.	Sandra lives in Iran.
neutral	Nicole is a writer.	Nicole lives in Singapore.
neutral	Sharon is a teacher.	Sharon lives in Afghanistan.
neutral	Alexandra is a farmer.	Alexandra lives in Libya.
neutral	Joan is a model.	Joan lives in Mexico.
neutral	Peter is a nurse.	Peter lives in Japan.
neutral	Kathryn is an economist.	Kathryn lives in Argentina.
neutral	Christine is a secretary.	Christine lives in Indonesia.
neutral	Larry is an author.	Larry lives in Afghanistan.
neutral	Kate is a dentist.	Kate lives in Ghana.
neutral	Laura is an electrician.	Laura lives in Israel.
neutral	Francis is a writer.	Francis lives in United Arab Emirates.
neutral	Amy is a librarian.	Amy lives in Austria.
neutral	Tim is a mechanic.	Tim lives in Denmark.
neutral	Anne is a cook.	Anne lives in Cuba.
neutral	Peter is a dentist.	Peter lives in Qatar.
neutral	Tony is a scientist.	Tony lives in Ghana.
neutral	Emma is an architect.	Emma lives in Belgium.
neutral	Nick is an accountant.	Nick lives in Uruguay.
neutral	Charlotte is a dentist.	Charlotte lives in Zimbabwe.
neutral	Louis is a mechanic.	Louis lives in Israel.
neutral	Frederick is a photographer.	Frederick lives in Philippines.
neutral	Harry is an aviator.	Harry lives in United States of America.
neutral	Jonathan is a dentist.	Jonathan lives in Denmark.
neutral	Sally is an aviator.	Sally lives in New Zealand.
neutral	Sandra is a writer.	Sandra lives in Qatar.
neutral	Louise is a secretary.	Louise lives in Poland.
neutral	Anna is a chef.	Anna lives in Sweden.
neutral	Robert is a photographer.	Robert lives in South Korea.
neutral	Sara is an author.	Sara lives in Thailand.
neutral	Frank is a hairdresser.	Frank lives in Bangladesh.
neutral	Anthony is a nurse.	Anthony lives in Ukraine.
neutral	Judith is a farmer.	Judith lives in United Arab Emirates.
neutral	Ron is a farmer.	Ron lives in Georgia.
neutral	Kelly is an architect.	Kelly lives in Brazil.
neutral	Linda is a judge.	Linda lives in Netherlands.
neutral	Howard is a chef.	Howard lives in South Korea.
neutral	Frances is a lecturer.	Frances lives in Singapore.
neutral	Donald is an actor.	Donald lives in Fiji.
neutral	Evelyn is a police officer.	Evelyn lives in Portugal.
neutral	Carolyn is a lecturer.	Carolyn lives in Cuba.
neutral	Matt is a teacher.	Matt lives in Egypt.
neutral	Emily is a dietitian.	Emily lives in Finland.
neutral	Edwin is a writer.	Edwin lives in Malaysia.
neutral	Roger is a police officer.	Roger lives in Afghanistan.
neutral	Kathleen is an artist.	Kathleen lives in Fiji.
neutral	Carl is a journalist.	Carl lives in North Korea.
neutral	Evelyn is a physician.	Evelyn lives in Malaysia.
neutral	Dave is a professor.	Dave lives in Canada.
neutral	Eric is a dietitian.	Eric lives in Saudi Arabia.
neutral	Claire is a dietitian.	Claire lives in Greece.
neutral	Annie is a teacher.	Annie lives in Austria.
neutral	Robert is a farmer.	Robert lives in Greece.
neutral	Steven is a judge.	Steven lives in Ireland.
neutral	John is a journalist.	John lives in Bhutan.
neutral	Albert is a physician.	Albert lives in Taiwan.
neutral	Linda is a teacher.	Linda lives in Iceland.
neutral	Scott is an artist.	Scott lives in Australia.
neutral	Rebecca is an economist.	Rebecca lives in Indonesia.
neutral	Matthew is an accountant.	Matthew lives in Sweden.
neutral	Albert is an architect.	Albert lives in Maldives.
neutral	Arthur is a police officer.	Arthur lives in Switzerland.
neutral	Sharon is a dietitian.	Sharon lives in Ghana.
neutral	Patrick is a lawyer.	Patrick lives in Poland.
neutral	Philip is an architect.	Philip lives in Georgia.
neutral	Patricia is a writer.	Patricia lives in Cuba.
neutral	Michelle is a teacher.	Michelle lives in Hungary.
neutral	Barbara is a physician.	Barbara lives in Turkey.
neutral	Roy is a librarian.	Roy lives in Philippines.
neutral	Wendy is a journalist.	Wendy lives in Georgia.
neutral	Dorothy is a model.	Dorothy lives in Egypt.
neutral	Dick is a physician.	Dick lives in New Zealand.
neutral	Annie is an aviator.	Annie lives in Nepal.
neutral	Jill is a firefighter.	Jill lives in Chile.
neutral	Sally is a butler.	Sally lives in China.
neutral	Rachel is a hairdresser.	Rachel lives in Switzerland.
neutral	Edith is a mechanic.	Edith lives in Portugal.
neutral	Alex is a lawyer.	Alex lives in Haiti.
neutral	Grace is a butler.	Grace lives in Germany.
neutral	Francis is an artist.	Francis lives in Iceland.
neutral	Michael is a butler.	Michael lives in Azerbaijan.
neutral	Rose is an accountant.	Rose lives in Belgium.
neutral	Kelly is a farmer.	Kelly lives in Mexico.
neutral	Carolyn is a physician.	Carolyn lives in Cuba.
neutral	Anthony is an engineer.	Anthony lives in Vietnam.
neutral	Nicole is an architect.	Nicole lives in Malaysia.
neutral	Kim is a writer.	Kim lives in Afghanistan.
neutral	Nicole is a nurse.	Nicole lives in Greece.
neutral	Charlie is a cook.	Charlie lives in Chile.
neutral	John is a cook.	John lives in United States of America.
neutral	Bobby is a teacher.	Bobby lives in Italy.
neutral	Jeff is a mechanic.	Jeff lives in Afghanistan.
neutral	Laura is an economist.	Laura lives in Thailand.
neutral	Julie is a chef.	Julie lives in Brazil.
neutral	Ralph is an author.	Ralph lives in Denmark.
neutral	Bruce is a farmer.	Bruce lives in Haiti.
neutral	Kenneth is a model.	Kenneth lives in Oman.
neutral	Sarah is a journalist.	Sarah lives in New Zealand.
neutral	Grace is an author.	Grace lives in Ghana.
neutral	Adam is a plumber.	Adam lives in Iran.
neutral	Maria is a lawyer.	Maria lives in Singapore.
neutral	Emma is a plumber.	Emma lives in Uruguay.
neutral	Alfred is a journalist.	Alfred lives in Bhutan.
neutral	Sophie is an author.	Sophie lives in Ireland.
neutral	Billy is a mechanic.	Billy lives in United Kingdom.
neutral	Greg is a professor.	Greg lives in Finland.
neutral	Mark is a scientist.	Mark lives in Egypt.
neutral	Ellen is an author.	Ellen lives in New Zealand.
neutral	Julia is a cook.	Julia lives in Uruguay.
neutral	Jean is a lecturer.	Jean lives in Thailand.
neutral	Alison is a cook.	Alison lives in Fiji.
neutral	Helen is a judge.	Helen lives in Iraq.
neutral	Kelly is a model.	Kelly lives in Haiti.
neutral	Elizabeth is a model.	Elizabeth lives in New Zealand.
neutral	Alexandra is a writer.	Alexandra lives in Uruguay.
neutral	John is a farmer.	John lives in Nepal.
neutral	Rebecca is an aviator.	Rebecca lives in China.
neutral	Lauren is a chef.	Lauren lives in United States of America.
neutral	Barbara is a physician.	Barbara lives in North Korea.
neutral	Dan is a designer.	Dan lives in Finland.
neutral	Leslie is an accountant.	Leslie lives in New Zealand.
neutral	Kathleen is a lawyer.	Kathleen lives in Belarus.
neutral	Alison is a hairdresser.	Alison lives in Azerbaijan.
neutral	Colin is an artist.	Colin lives in Hungary.
neutral	Dorothy is a writer.	Dorothy lives in Saudi Arabia.
neutral	Adam is a photographer.	Adam lives in Italy.
neutral	Peter is an architect.	Peter lives in Portugal.
neutral	Francis is a hairdresser.	Francis lives in Egypt.
neutral	Matthew is a police officer.	Matthew lives in Argentina.
neutral	Andrea is a mechanic.	Andrea lives in China.
neutral	Charlie is an artist.	Charlie lives in Russia.
neutral	James is a dentist.	James lives in Singapore.
neutral	Sophie is an architect.	Sophie lives in France.
neutral	Andrea is a scientist.	Andrea lives in Denmark.
neutral	Sharon is an engineer.	Sharon lives in Singapore.
neutral	Susan is a tailor.	Susan lives in Canada.
neutral	Edwin is a cook.	Edwin lives in Hungary.
neutral	Kathy is an economist.	Kathy lives in Chile.
neutral	Kathy is a police officer.	Kathy lives in Haiti.
neutral	Ron is a teacher.	Ron lives in Italy.
neutral	Rebecca is a journalist.	Rebecca lives in Saudi Arabia.
neutral	Anthony is a farmer.	Anthony lives in South Korea.
neutral	Kenneth is a dentist.	Kenneth lives in Switzerland.
neutral	Dorothy is a physician.	Dorothy lives in Netherlands.
neutral	Bruce is a cook.	Bruce lives in Greece.
neutral	Nancy is a scientist.	Nancy lives in Maldives.
neutral	Amanda is a model.	Amanda lives in Netherlands.
neutral	Barbara is a physician.	Barbara lives in Sweden.
neutral	Linda is a professor.	Linda lives in United Kingdom.
neutral	Donna is a librarian.	Donna lives in Ukraine.
neutral	Kathryn is an actor.	Kathryn lives in Bangladesh.
neutral	Brian is an aviator.	Brian lives in Japan.
neutral	Dorothy is a writer.	Dorothy lives in Malaysia.
neutral	Jim is a firefighter.	Jim lives in Maldives.
neutral	Joseph is a hairdresser.	Joseph lives in Colombia.
neutral	Christine is an architect.	Christine lives in Chile.
neutral	Steven is a chef.	Steven lives in Poland.
neutral	Ruth is a professor.	Ruth lives in Chile.
neutral	Katie is a journalist.	Katie lives in New Zealand.
neutral	Carol is a mechanic.	Carol lives in Philippines.
neutral	Scott is a police officer.	Scott lives in Argentina.
neutral	Sarah is a hairdresser.	Sarah lives in Netherlands.
neutral	Leslie is a designer.	Leslie lives in Pakistan.
neutral	Ruth is a butler.	Ruth lives in Ecuador.
neutral	Henry is an actor.	Henry lives in Georgia.
neutral	Patrick is a nurse.	Patrick lives in Denmark.
neutral	Matthew is a nurse.	Matthew lives in Chile.
neutral	Sam is a butler.	Sam lives in Malaysia.
neutral	Anthony is a designer.	Anthony lives in Switzerland.
neutral	Kelly is a teacher.	Kelly lives in Italy.
neutral	Harold is a scientist.	Harold lives in France.
neutral	Bobby is a physician.	Bobby lives in Afghanistan.
neutral	Martin is a dietitian.	Martin lives in United States of America.
neutral	Donald is an accountant.	Donald lives in Maldives.
neutral	Carol is a chef.	Carol lives in Iceland.
neutral	Nancy is an artist.	Nancy lives in Ireland.
neutral	Kevin is a plumber.	Kevin lives in Germany.
neutral	Keith is a professor.	Keith lives in Poland.
neutral	Chris is a photographer.	Chris lives in India.
neutral	Fred is a librarian.	Fred lives in Belgium.
neutral	Greg is a police officer.	Greg lives in Afghanistan.
neutral	Jack is a farmer.	Jack lives in North Korea.
neutral	Carl is a lecturer.	Carl lives in Laos.
neutral	Jessica is a mechanic.	Jessica lives in Bhutan.
neutral	Scott is a cook.	Scott lives in Iraq.
neutral	Fiona is an actor.	Fiona lives in Ghana.
neutral	Paul is an electrician.	Paul lives in Oman.
neutral	Billy is a butler.	Billy lives in Maldives.
neutral	Tony is a teacher.	Tony lives in Argentina.
neutral	Nicole is a mechanic.	Nicole lives in Switzerland.
neutral	Edward is a lecturer.	Edward lives in Cuba.
neutral	Alex is an author.	Alex lives in Indonesia.
neutral	Christopher is a dentist.	Christopher lives in Ecuador.
neutral	Paul is an actor.	Paul lives in Ghana.
neutral	Albert is an engineer.	Albert lives in United Kingdom.
neutral	Eric is a chef.	Eric lives in Switzerland.
neutral	Karen is a model.	Karen lives in Fiji.
neutral	Jimmy is a nurse.	Jimmy lives in North Korea.
neutral	Tim is a tailor.	Tim lives in Fiji.
neutral	Margaret is an architect.	Margaret lives in Netherlands.
neutral	Ashley is an architect.	Ashley lives in Iceland.
neutral	Annie is an accountant.	Annie lives in Iraq.
neutral	Louis is a lecturer.	Louis lives in Fiji.
neutral	Roy is a lawyer.	Roy lives in Egypt.
neutral	Bobby is a designer.	Bobby lives in Italy.
neutral	Tony is a secretary.	Tony lives in Singapore.
neutral	Kate is a cook.	Kate lives in Maldives.
neutral	Joseph is a professor.	Joseph lives in Colombia.
neutral	Stephen is a professor.	Stephen lives in Colombia.
neutral	Simon is a chef.	Simon lives in Australia.
neutral	Martha is an author.	Martha lives in Greece.
neutral	Kathy is an actor.	Kathy lives in Israel.
neutral	Walter is a lawyer.	Walter lives in Saudi Arabia.
neutral	Matthew is a hairdresser.	Matthew lives in United States of America.
neutral	Frances is a firefighter.	Frances lives in Egypt.
neutral	Alexander is a judge.	Alexander lives in Qatar.
neutral	Edward is an accountant.	Edward lives in Argentina.
neutral	Pamela is a mechanic.	Pamela lives in Greece.
neutral	Nick is a butler.	Nick lives in Chile.
neutral	Florence is a designer.	Florence lives in Azerbaijan.
neutral	Bobby is an engineer.	Bobby lives in Mexico.
neutral	Stephen is a plumber.	Stephen lives in Ecuador.
neutral	Ralph is an aviator.	Ralph lives in Iran.
neutral	Jennifer is an aviator.	Jennifer lives in Belarus.
neutral	George is a firefighter.	George lives in Zimbabwe.
neutral	Ralph is a tailor.	Ralph lives in Switzerland.
neutral	Mary is an artist.	Mary lives in South Korea.
neutral	Janet is a scientist.	Janet lives in Pakistan.
neutral	Chris is a lecturer.	Chris lives in Bangladesh.
neutral	Stephen is a cook.	Stephen lives in Indonesia.
neutral	Daniel is a teacher.	Daniel lives in India.
neutral	Dan is a designer.	Dan lives in Greece.
neutral	Melissa is a lawyer.	Melissa lives in Greece.
neutral	Thomas is an actor.	Thomas lives in Argentina.
neutral	Alan is a firefighter.	Alan lives in New Zealand.
neutral	Tim is a photographer.	Tim lives in Indonesia.
neutral	Michael is a model.	Michael lives in Saudi Arabia.
neutral	Carolyn is a model.	Carolyn lives in Argentina.
neutral	Lynn is an electrician.	Lynn lives in China.
neutral	Thomas is a teacher.	Thomas lives in Japan.
neutral	Anne is a secretary.	Anne lives in Belgium.
neutral	Betty is a professor.	Betty lives in Iceland.
neutral	Kim is a farmer.	Kim lives in Bangladesh.
neutral	Daniel is an architect.	Daniel lives in Poland.
neutral	Charlotte is a hairdresser.	Charlotte lives in Italy.
neutral	Carl is a lawyer.	Carl lives in Mexico.
neutral	Lawrence is a chef.	Lawrence lives in North Korea.
neutral	Bill is a firefighter.	Bill lives in China.
neutral	John is a designer.	John lives in Ecuador.
neutral	Sharon is an electrician.	Sharon lives in Indonesia.
neutral	Jane is an actor.	Jane lives in Belarus.
neutral	Don is a designer.	Don lives in Japan.
neutral	Linda is an aviator.	Linda lives in South Korea.
neutral	Charlie is a tailor.	Charlie lives in Poland.
neutral	Jack is an economist.	Jack lives in Haiti.
neutral	Daniel is a dentist.	Daniel lives in Chile.
neutral	Steven is a farmer.	Steven lives in Israel.
neutral	Bruce is an accountant.	Bruce lives in Azerbaijan.
neutral	Christopher is a dentist.	Christopher lives in Cuba.
neutral	Angela is a mechanic.	Angela lives in India.
neutral	Sam is a designer.	Sam lives in Maldives.
neutral	Alison is a writer.	Alison lives in Saudi Arabia.
neutral	Adam is a photographer.	Adam lives in Egypt.
neutral	Stephanie is a hairdresser.	Stephanie lives in United Arab Emirates.
neutral	Laura is a scientist.	Laura lives in Afghanistan.
neutral	Henry is an author.	Henry lives in China.
neutral	Jack is a secretary.	Jack lives in Laos.
neutral	Ian is a lawyer.	Ian lives in Iraq.
neutral	Caroline is a tailor.	Caroline lives in Ireland.
neutral	Frederick is an economist.	Frederick lives in Colombia.
neutral	Patrick is a butler.	Patrick lives in North Korea.
neutral	Evelyn is a tailor.	Evelyn lives in Poland.
neutral	Andrea is an artist.	Andrea lives in Malaysia.
neutral	Adam is a librarian.	Adam lives in Afghanistan.
neutral	Dan is an architect.	Dan lives in Haiti.
neutral	Matt is a hairdresser.	Matt lives in Finland.
neutral	Simon is a professor.	Simon lives in Turkey.
neutral	Deborah is a nurse.	Deborah lives in Iraq.
neutral	Harriet is a journalist.	Harriet lives in Ghana.
neutral	Elizabeth is an accountant.	Elizabeth lives in Qatar.
neutral	Philip is a cook.	Philip lives in Hungary.
neutral	Sally is a professor.	Sally lives in Ecuador.
neutral	Jennifer is a judge.	Jennifer lives in Hungary.
neutral	Diana is a physician.	Diana lives in Turkey.
neutral	Kelly is a dentist.	Kelly lives in Netherlands.
neutral	Walter is an actor.	Walter lives in Iraq.
neutral	George is a judge.	George lives in Poland.
neutral	William is an artist.	William lives in Haiti.
neutral	Peter is a designer.	Peter lives in Mexico.
neutral	Katie is a secretary.	Katie lives in Iceland.
neutral	Virginia is an accountant.	Virginia lives in Germany.
neutral	Robert is a lawyer.	Robert lives in Haiti.
neutral	Kate is a nurse.	Kate lives in Mexico.
neutral	Virginia is a farmer.	Virginia lives in Switzerland.
neutral	Sarah is a teacher.	Sarah lives in Chile.
neutral	Martha is a physician.	Martha lives in United Kingdom.
neutral	Jonathan is an actor.	Jonathan lives in Qatar.
neutral	Margaret is a plumber.	Margaret lives in New Zealand.
neutral	Steven is a model.	Steven lives in Philippines.
neutral	Andrew is an actor.	Andrew lives in China.
neutral	Anthony is an author.	Anthony lives in Singapore.
neutral	Angela is a scientist.	Angela lives in Egypt.
neutral	Harry is a physician.	Harry lives in Zimbabwe.
neutral	Jean is a teacher.	Jean lives in Switzerland.
neutral	Susan is a model.	Susan lives in Cuba.
neutral	Kelly is a nurse.	Kelly lives in Cuba.
neutral	Helen is an electrician.	Helen lives in Maldives.
neutral	Wendy is an economist.	Wendy lives in Uruguay.
neutral	Dave is a butler.	Dave lives in Russia.
neutral	Margaret is an economist.	Margaret lives in Bangladesh.
neutral	George is a judge.	George lives in Oman.
neutral	Rose is a lecturer.	Rose lives in North Korea.
neutral	Lawrence is a butler.	Lawrence lives in Belgium.
neutral	Stephen is a writer.	Stephen lives in Iceland.
neutral	Leslie is a tailor.	Leslie lives in Pakistan.
neutral	Matthew is a firefighter.	Matthew lives in Canada.
neutral	Roger is an architect.	Roger lives in Laos.
neutral	Lisa is a lawyer.	Lisa lives in Uruguay.
neutral	Judith is a writer.	Judith lives in Poland.
neutral	Alfred is a lawyer.	Alfred lives in Switzerland.
neutral	Adam is a chef.	Adam lives in Netherlands.
neutral	Annie is a mechanic.	Annie lives in Switzerland.
neutral	Julia is a judge.	Julia lives in Chile.
neutral	Jason is an author.	Jason lives in Singapore.
neutral	Donald is an artist.	Donald lives in Brazil.
neutral	Alexander is an engineer.	Alexander lives in Iraq.
neutral	Howard is an aviator.	Howard lives in Libya.
neutral	Lauren is a chef.	Lauren lives in Maldives.
neutral	Amy is a farmer.	Amy lives in Finland.
neutral	Carolyn is a chef.	Carolyn lives in Ecuador.
neutral	Andrea is an electrician.	Andrea lives in Afghanistan.
neutral	Sandra is a police officer.	Sandra lives in Chile.
neutral	Henry is a designer.	Henry lives in Georgia.
neutral	Ben is a lawyer.	Ben lives in Iceland.
neutral	Samuel is a cook.	Samuel lives in India.
neutral	Ken is an architect.	Ken lives in Singapore.
neutral	Jean is a librarian.	Jean lives in Nepal.
neutral	Jonathan is a dietitian.	Jonathan lives in Israel.
neutral	Anthony is a nurse.	Anthony lives in Afghanistan.
neutral	Dan is a lecturer.	Dan lives in Belgium.
neutral	Walter is a butler.	Walter lives in Libya.
neutral	Lauren is a photographer.	Lauren lives in Netherlands.
neutral	Linda is an artist.	Linda lives in Oman.
neutral	Joan is a nurse.	Joan lives in Italy.
neutral	Lisa is an architect.	Lisa lives in Australia.
neutral	Dick is a butler.	Dick lives in Saudi Arabia.
neutral	Margaret is a dentist.	Margaret lives in Austria.
neutral	Alexander is a judge.	Alexander lives in Austria.
neutral	Philip is a scientist.	Philip lives in Colombia.
neutral	Emma is an engineer.	Emma lives in Hungary.
neutral	Annie is a scientist.	Annie lives in Turkey.
neutral	Dick is a judge.	Dick lives in Azerbaijan.
neutral	Karen is a mechanic.	Karen lives in South Korea.
neutral	Christine is a chef.	Christine lives in Cuba.
neutral	Richard is a lawyer.	Richard lives in India.
neutral	Bill is a lecturer.	Bill lives in Pakistan.
neutral	Patricia is an architect.	Patricia lives in Vietnam.
neutral	Al is an engineer.	Al lives in Israel.
neutral	Gary is a plumber.	Gary lives in Sweden.
neutral	Nick is a hairdresser.	Nick lives in Israel.
neutral	Ellen is an architect.	Ellen lives in Thailand.
neutral	Harry is an accountant.	Harry lives in Argentina.
neutral	Alexander is a scientist.	Alexander lives in Canada.
neutral	Kathryn is an economist.	Kathryn lives in Switzerland.
neutral	Catherine is a secretary.	Catherine lives in Mexico.
neutral	Carolyn is an artist.	Carolyn lives in Georgia.
neutral	Jack is a judge.	Jack lives in Chile.
neutral	Joan is a firefighter.	Joan lives in Denmark.
neutral	Al is a tailor.	Al lives in Denmark.
neutral	Alison is a model.	Alison lives in Bangladesh.
neutral	Wendy is a photographer.	Wendy lives in Netherlands.
neutral	Harry is a librarian.	Harry lives in South Korea.
neutral	Bobby is a hairdresser.	Bobby lives in Ghana.
neutral	Jessica is a journalist.	Jessica lives in Oman.
neutral	George is a librarian.	George lives in Haiti.
neutral	Eric is an author.	Eric lives in Bhutan.
neutral	Katie is a model.	Katie lives in Malaysia.
neutral	Suzanne is a farmer.	Suzanne lives in Turkey.
neutral	Ashley is an electrician.	Ashley lives in Vietnam.
neutral	Jennifer is a nurse.	Jennifer lives in Ukraine.
neutral	Don is a secretary.	Don lives in Turkey.
neutral	Mary is a judge.	Mary lives in Italy.
neutral	Emily is an artist.	Emily lives in Ghana.
neutral	Colin is a hairdresser.	Colin lives in Taiwan.
neutral	Susan is a scientist.	Susan lives in South Korea.
neutral	Alex is a photographer.	Alex lives in Italy.
neutral	Adam is a model.	Adam lives in Fiji.
neutral	Fiona is a photographer.	Fiona lives in Singapore.
neutral	Charlotte is a butler.	Charlotte lives in Italy.
neutral	Emily is an actor.	Emily lives in Nepal.
neutral	Johnny is a scientist.	Johnny lives in Philippines.
neutral	Hugh is a nurse.	Hugh lives in Cuba.
neutral	Angela is a scientist.	Angela lives in Cuba.
neutral	Robin is a chef.	Robin lives in Zimbabwe.
neutral	Mike is an artist.	Mike lives in Oman.
neutral	Barbara is a butler.	Barbara lives in Qatar.
neutral	Steve is a physician.	Steve lives in Maldives.
neutral	Alice is a chef.	Alice lives in Bangladesh.
neutral	Rose is a scientist.	Rose lives in Fiji.
neutral	Roger is a dietitian.	Roger lives in Mexico.
neutral	Stephen is a photographer.	Stephen lives in France.
neutral	Anna is a teacher.	Anna lives in Mexico.
neutral	Benjamin is an aviator.	Benjamin lives in Colombia.
neutral	William is a police officer.	William lives in Cuba.
neutral	Judy is a mechanic.	Judy lives in Portugal.
neutral	Heather is an aviator.	Heather lives in Taiwan.
neutral	Charlotte is a chef.	Charlotte lives in United States of America.
neutral	William is a dentist.	William lives in United Kingdom.
neutral	Kelly is an artist.	Kelly lives in Sweden.
neutral	George is a photographer.	George lives in Bhutan.
neutral	Ruth is a physician.	Ruth lives in Libya.
neutral	Anthony is an engineer.	Anthony lives in Canada.
neutral	Tony is a plumber.	Tony lives in Israel.
neutral	Heather is a hairdresser.	Heather lives in Argentina.
neutral	Martin is a journalist.	Martin lives in Fiji.
neutral	Karen is an architect.	Karen lives in Libya.
neutral	Billy is a nurse.	Billy lives in Philippines.
neutral	Ellen is a hairdresser.	Ellen lives in Belgium.
neutral	Kate is a model.	Kate lives in Belgium.
neutral	Virginia is an economist.	Virginia lives in Netherlands.
neutral	Bob is a dentist.	Bob lives in Georgia.
neutral	Robin is a designer.	Robin lives in Thailand.
neutral	Julia is an accountant.	Julia lives in Chile.
neutral	Wendy is a farmer.	Wendy lives in North Korea.
neutral	Ben is a photographer.	Ben lives in Maldives.
neutral	Emily is a physician.	Emily lives in Qatar.
neutral	Harold is a secretary.	Harold lives in Canada.
neutral	Diane is a hairdresser.	Diane lives in Bhutan.
neutral	Nicole is a cook.	Nicole lives in Singapore.
neutral	Cynthia is an electrician.	Cynthia lives in Japan.
neutral	Roger is an electrician.	Roger lives in Bangladesh.
neutral	Jimmy is a journalist.	Jimmy lives in Russia.
neutral	Elizabeth is a teacher.	Elizabeth lives in United Arab Emirates.
neutral	Louis is a model.	Louis lives in Philippines.
neutral	Lisa is a photographer.	Lisa lives in Canada.
neutral	Alfred is a mechanic.	Alfred lives in Indonesia.
neutral	Anne is a designer.	Anne lives in Greece.
neutral	Pamela is a librarian.	Pamela lives in Philippines.
neutral	Mark is a farmer.	Mark lives in Switzerland.
neutral	Julie is a lecturer.	Julie lives in Ukraine.
neutral	Anna is a tailor.	Anna lives in Portugal.
neutral	Betty is a hairdresser.	Betty lives in Turkey.
neutral	Kevin is a tailor.	Kevin lives in United States of America.
neutral	Elizabeth is an electrician.	Elizabeth lives in Germany.
neutral	Richard is a lecturer.	Richard lives in New Zealand.
neutral	Steve is a lecturer.	Steve lives in Austria.
neutral	Jill is an architect.	Jill lives in Philippines.
neutral	Richard is a judge.	Richard lives in Cuba.
neutral	Anthony is a dentist.	Anthony lives in Afghanistan.
neutral	Leslie is a mechanic.	Leslie lives in Brazil.
neutral	Bruce is a lawyer.	Bruce lives in United Kingdom.
neutral	Kevin is an accountant.	Kevin lives in Argentina.
neutral	Louise is a secretary.	Louise lives in Bangladesh.
neutral	Janet is an engineer.	Janet lives in Bhutan.
neutral	Kevin is a cook.	Kevin lives in United States of America.
neutral	Thomas is a tailor.	Thomas lives in Uruguay.
neutral	Linda is a nurse.	Linda lives in Argentina.
neutral	Matthew is a chef.	Matthew lives in Brazil.
neutral	Amy is a butler.	Amy lives in Austria.
neutral	Walter is a tailor.	Walter lives in Haiti.
neutral	Katherine is an engineer.	Katherine lives in Fiji.
neutral	Jason is an engineer.	Jason lives in Ukraine.
neutral	Sally is a designer.	Sally lives in Saudi Arabia.
neutral	Ellen is a lawyer.	Ellen lives in Denmark.
neutral	Louis is a professor.	Louis lives in North Korea.
neutral	Katie is a lawyer.	Katie lives in Egypt.
neutral	Charles is an engineer.	Charles lives in Belarus.
neutral	Ken is a mechanic.	Ken lives in Hungary.
neutral	Adam is a teacher.	Adam lives in Libya.
neutral	Cynthia is a librarian.	Cynthia lives in Portugal.
neutral	Annie is a scientist.	Annie lives in Austria.
neutral	Don is an author.	Don lives in Taiwan.
neutral	Margaret is a photographer.	Margaret lives in Pakistan.
neutral	Ruth is an architect.	Ruth lives in Brazil.
neutral	Jill is an author.	Jill lives in Bangladesh.
neutral	Rebecca is a dietitian.	Rebecca lives in Portugal.
neutral	Melissa is a firefighter.	Melissa lives in Taiwan.
neutral	Frances is a professor.	Frances lives in Laos.
neutral	Pamela is a professor.	Pamela lives in Denmark.
neutral	Ann is a firefighter.	Ann lives in Chile.
neutral	Adam is a hairdresser.	Adam lives in North Korea.
neutral	Roy is an architect.	Roy lives in Iraq.
neutral	Colin is a teacher.	Colin lives in Nepal.
neutral	Joe is a police officer.	Joe lives in Vietnam.
neutral	Ken is an engineer.	Ken lives in Libya.
neutral	Robin is an author.	Robin lives in United Arab Emirates.
neutral	Grace is an engineer.	Grace lives in Greece.
neutral	Edward is a model.	Edward lives in Cuba.
neutral	Howard is a hairdresser.	Howard lives in Saudi Arabia.
neutral	Martin is a secretary.	Martin lives in Austria.
neutral	Jean is a model.	Jean lives in Turkey.
neutral	Joe is a designer.	Joe lives in China.
neutral	Jean is a nurse.	Jean lives in United States of America.
neutral	Scott is a farmer.	Scott lives in Poland.
neutral	Edward is a chef.	Edward lives in Laos.
neutral	Adam is a farmer.	Adam lives in Philippines.
neutral	Sue is a model.	Sue lives in Fiji.
neutral	Brian is an architect.	Brian lives in Saudi Arabia.
neutral	Tom is a secretary.	Tom lives in United States of America.
neutral	Louise is a police officer.	Louise lives in China.
neutral	Matthew is a professor.	Matthew lives in United States of America.
neutral	Anna is a lecturer.	Anna lives in Indonesia.
neutral	Dan is an electrician.	Dan lives in Australia.
neutral	Rose is a teacher.	Rose lives in Switzerland.
neutral	Donna is a model.	Donna lives in Japan.
neutral	Joan is a photographer.	Joan lives in Canada.
neutral	Sally is a secretary.	Sally lives in Australia.
neutral	Albert is a lawyer.	Albert lives in Qatar.
neutral	Roy is a judge.	Roy lives in Iran.
neutral	Hugh is a teacher.	Hugh lives in Poland.
neutral	Matthew is a dentist.	Matthew lives in Georgia.
neutral	Patrick is a physician.	Patrick lives in Brazil.
neutral	Alexandra is a dietitian.	Alexandra lives in Italy.
neutral	Harry is an aviator.	Harry lives in Japan.
neutral	Lawrence is a photographer.	Lawrence lives in Canada.
neutral	Robin is an author.	Robin lives in Chile.
neutral	Pamela is an aviator.	Pamela lives in Qatar.
neutral	Edith is a writer.	Edith lives in Austria.
neutral	Dorothy is a teacher.	Dorothy lives in Iceland.
neutral	Diana is a designer.	Diana lives in Denmark.
neutral	Johnny is a firefighter.	Johnny lives in Cuba.
neutral	Samuel is a butler.	Samuel lives in Canada.
neutral	Lisa is a photographer.	Lisa lives in Philippines.
neutral	Angela is a butler.	Angela lives in Malaysia.
neutral	Ashley is a lawyer.	Ashley lives in India.
neutral	Matthew is an artist.	Matthew lives in Maldives.
neutral	Maria is an electrician.	Maria lives in Bangladesh.
neutral	Virginia is a professor.	Virginia lives in Malaysia.
neutral	Ben is a librarian.	Ben lives in Saudi Arabia.
neutral	Lynn is a police officer.	Lynn lives in Maldives.
neutral	Sam is a photographer.	Sam lives in Russia.
neutral	Robert is an accountant.	Robert lives in Argentina.
neutral	Benjamin is a librarian.	Benjamin lives in Finland.
neutral	Claire is an artist.	Claire lives in Maldives.
neutral	Nick is a cook.	Nick lives in United States of America.
neutral	Daniel is a farmer.	Daniel lives in Nepal.
neutral	Betty is a tailor.	Betty lives in Thailand.
