neutral	Edith lives in Ireland.	Edith is a journalist.
neutral	Cynthia lives in Austria.	Cynthia is a judge.
neutral	Sophie lives in Iraq.	Sophie is a teacher.
neutral	Scott lives in Cuba.	Scott is a hairdresser.
neutral	Nancy lives in Iraq.	Nancy is an artist.
neutral	Caroline lives in Colombia.	Caroline is a chef.
neutral	David lives in Iceland.	David is a tailor.
neutral	Nick lives in Ghana.	Nick is an artist.
neutral	Scott lives in Brazil.	Scott is an electrician.
neutral	Wendy lives in Switzerland.	Wendy is an electrician.
neutral	Walter lives in Afghanistan.	Walter is a writer.
neutral	Matthew lives in Iceland.	Matthew is a cook.
neutral	Albert lives in Libya.	Albert is a designer.
neutral	Alfred lives in Hungary.	Alfred is a secretary.
neutral	Cynthia lives in Haiti.	Cynthia is an artist.
neutral	Louis lives in Australia.	Louis is a hairdresser.
neutral	Helen lives in Georgia.	Helen is a librarian.
neutral	Jason lives in Bhutan.	Jason is a police officer.
neutral	Carl lives in Afghanistan.	Carl is a police officer.
neutral	Mark lives in Maldives.	Mark is a journalist.
neutral	Steven lives in United Arab Emirates.	Steven is a designer.
neutral	Martin lives in United Arab Emirates.	Martin is a lecturer.
neutral	Alexandra lives in Germany.	Alexandra is a teacher.
neutral	Billy lives in Australia.	Billy is a journalist.
neutral	Sarah lives in Australia.	Sarah is a scientist.
neutral	Anne lives in Pakistan.	Anne is an artist.
neutral	Judith lives in Argentina.	Judith is a farmer.
neutral	Peter lives in Ghana.	Peter is a dentist.
neutral	Stephen lives in Iraq.	Stephen is a judge.
neutral	Ralph lives in Vietnam.	Ralph is a journalist.
neutral	Lucy lives in Ireland.	Lucy is a judge.
neutral	Brian lives in Philippines.	Brian is a firefighter.
neutral	Thomas lives in Sweden.	Thomas is an accountant.
neutral	Matthew lives in New Zealand.	Matthew is a model.
neutral	Lauren lives in Pakistan.	Lauren is a librarian.
neutral	Ryan lives in Japan.	Ryan is a photographer.
neutral	Joe lives in Maldives.	Joe is a designer.
neutral	Steven lives in Germany.	Steven is an accountant.
neutral	Stephanie lives in Finland.	Stephanie is an aviator.
neutral	Karen lives in France.	Karen is a teacher.
neutral	Jack lives in Russia.	Jack is an engineer.
neutral	Sam lives in North Korea.	Sam is an actor.
neutral	Laura lives in Singapore.	Laura is a librarian.
neutral	Edward lives in Azerbaijan.	Edward is a professor.
neutral	Bobby lives in Hungary.	Bobby is an electrician.
neutral	Harriet lives in Ecuador.	Harriet is a tailor.
neutral	Brian lives in Georgia.	Brian is a butler.
neutral	Dick lives in Finland.	Dick is a teacher.
neutral	Anne lives in Libya.	Anne is a librarian.
neutral	Laura lives in Georgia.	Laura is a nurse.
neutral	Laura lives in United Kingdom.	Laura is a designer.
neutral	Catherine lives in Japan.	Catherine is a firefighter.
neutral	Nancy lives in Russia.	Nancy is a librarian.
neutral	Harry lives in Poland.	Harry is a photographer.
neutral	Patrick lives in United States of America.	Patrick is a police officer.
neutral	Gary lives in Chile.	Gary is a professor.
neutral	Bruce lives in Vietnam.	Bruce is a scientist.
neutral	Frances lives in Pakistan.	Frances is a physician.
neutral	Sophie lives in Oman.	Sophie is an engineer.
neutral	Elaine lives in Maldives.	Elaine is a hairdresser.
neutral	Christine lives in Japan.	Christine is a professor.
neutral	Jason lives in Libya.	Jason is a police officer.
neutral	Pamela lives in Germany.	Pamela is a writer.
neutral	Emily lives in Ireland.	Emily is a designer.
neutral	Virginia lives in Japan.	Virginia is a judge.
neutral	Kenneth lives in Uruguay.	Kenneth is a journalist.
neutral	Jerry lives in Japan.	Jerry is a journalist.
neutral	Donna lives in Saudi Arabia.	Donna is a journalist.
neutral	Fred lives in Taiwan.	Fred is a hairdresser.
neutral	Bobby lives in Zimbabwe.	Bobby is a librarian.
neutral	Maria lives in Georgia.	Maria is a dentist.
neutral	Hugh lives in United Arab Emirates.	Hugh is a firefighter.
neutral	Kim lives in Canada.	Kim is a tailor.
neutral	Francis lives in Zimbabwe.	Francis is a tailor.
neutral	Carl lives in Italy.	Carl is an author.
neutral	Alfred lives in France.	Alfred is a farmer.
neutral	Edith lives in Ghana.	Edith is a mechanic.
neutral	Elaine lives in Ghana.	Elaine is an engineer.
neutral	Nancy lives in India.	Nancy is a cook.
neutral	Henry lives in Egypt.	Henry is a lawyer.
neutral	Ray lives in Ghana.	Ray is a lecturer.
neutral	Philip lives in Azerbaijan.	Philip is a tailor.
neutral	Linda lives in North Korea.	Linda is an artist.
neutral	Melissa lives in Brazil.	Melissa is a dietitian.
neutral	Sam lives in Philippines.	Sam is a writer.
neutral	Jerry lives in Russia.	Jerry is a plumber.
neutral	Susan lives in Cuba.	Susan is a scientist.
neutral	Dick lives in Azerbaijan.	Dick is a scientist.
neutral	Victoria lives in Malaysia.	Victoria is an architect.
neutral	Benjamin lives in Vietnam.	Benjamin is a police officer.
neutral	Judith lives in Libya.	Judith is a journalist.
neutral	Walter lives in Singapore.	Walter is a tailor.
neutral	Kathleen lives in Philippines.	Kathleen is a judge.
neutral	Eric lives in France.	Eric is an artist.
neutral	Kathleen lives in United Arab Emirates.	Kathleen is a dentist.
neutral	Anthony lives in Chile.	Anthony is a journalist.
neutral	Melissa lives in Afghanistan.	Melissa is an artist.
neutral	Brian lives in Nepal.	Brian is a photographer.
neutral	Eric lives in Nepal.	Eric is an artist.
neutral	Ann lives in Sweden.	Ann is a mechanic.
neutral	Louise lives in Libya.	Louise is a lecturer.
neutral	Evelyn lives in Poland.	Evelyn is an artist.
neutral	Scott lives in Israel.	Scott is an aviator.
neutral	Amy lives in Ireland.	Amy is a tailor.
neutral	George lives in Mexico.	George is an aviator.
neutral	Emma lives in Laos.	Emma is a librarian.
neutral	Catherine lives in Austria.	Catherine is a lawyer.
neutral	Jill lives in Switzerland.	Jill is a chef.
neutral	Benjamin lives in Bangladesh.	Benjamin is an electrician.
neutral	Mary lives in Argentina.	Mary is a lecturer.
neutral	Julie lives in Japan.	Julie is a chef.
neutral	Emily lives in Azerbaijan.	Emily is a chef.
neutral	Emma lives in Italy.	Emma is a librarian.
neutral	Judy lives in Laos.	Judy is a firefighter.
neutral	Louise lives in Ukraine.	Louise is a nurse.
neutral	Sara lives in Denmark.	Sara is an author.
neutral	Elaine lives in Ecuador.	Elaine is an aviator.
neutral	Ken lives in New Zealand.	Ken is a firefighter.
neutral	Harriet lives in Austria.	Harriet is a judge.
neutral	Jerry lives in Pakistan.	Jerry is an electrician.
neutral	Thomas lives in Afghanistan.	Thomas is an actor.
neutral	Katherine lives in Thailand.	Katherine is an architect.
neutral	Sandra lives in Greece.	Sandra is a writer.
neutral	Ann lives in South Korea.	Ann is a lecturer.
neutral	Al lives in Ukraine.	Al is an economist.
neutral	Sharon lives in Haiti.	Sharon is a firefighter.
neutral	Linda lives in Bhutan.	Linda is an aviator.
neutral	John lives in Sweden.	John is a firefighter.
neutral	Sara lives in Ukraine.	Sara is an aviator.
neutral	Eric lives in Georgia.	Eric is a lecturer.
neutral	Kim lives in United States of America.	Kim is a police officer.
neutral	Joan lives in Finland.	Joan is a butler.
neutral	Amanda lives in Belarus.	Amanda is a physician.
neutral	Harriet lives in Indonesia.	Harriet is a plumber.
neutral	Andrew lives in Bhutan.	Andrew is an author.
neutral	Bobby lives in South Korea.	Bobby is a physician.
neutral	Sarah lives in United Kingdom.	Sarah is a teacher.
neutral	Bob lives in Denmark.	Bob is a mechanic.
neutral	Victoria lives in Cuba.	Victoria is an electrician.
neutral	Dan lives in Switzerland.	Dan is a librarian.
neutral	Gary lives in Ghana.	Gary is a tailor.
neutral	Samuel lives in Bhutan.	Samuel is a dietitian.
neutral	Peter lives in Colombia.	Peter is an artist.
neutral	Suzanne lives in Brazil.	Suzanne is a plumber.
neutral	Edward lives in Denmark.	Edward is an economist.
neutral	Edith lives in Egypt.	Edith is a writer.
neutral	Anna lives in Chile.	Anna is a designer.
neutral	Sandra lives in United Kingdom.	Sandra is a professor.
neutral	Colin lives in Philippines.	Colin is a teacher.
neutral	Kevin lives in Libya.	Kevin is a librarian.
neutral	Ellen lives in Uruguay.	Ellen is a firefighter.
neutral	Carol lives in India.	Carol is an actor.
neutral	Mark lives in Iran.	Mark is an actor.
neutral	Andrea lives in Laos.	Andrea is a nurse.
neutral	Anthony lives in Iran.	Anthony is a hairdresser.
neutral	Laura lives in Portugal.	Laura is a secretary.
neutral	Walter lives in Australia.	Walter is a police officer.
neutral	Andrew lives in Azerbaijan.	Andrew is an accountant.
neutral	Bob lives in Uruguay.	Bob is a judge.
neutral	Alex lives in Portugal.	Alex is a judge.
neutral	Catherine lives in Nepal.	Catherine is an architect.
neutral	Maria lives in Austria.	Maria is a photographer.
neutral	Lynn lives in Portugal.	Lynn is a teacher.
neutral	Christopher lives in South Korea.	Christopher is a mechanic.
neutral	Fiona lives in Cuba.	Fiona is an accountant.
neutral	Eleanor lives in United Kingdom.	Eleanor is a dietitian.
neutral	Kevin lives in Poland.	Kevin is a journalist.
neutral	Sam lives in Libya.	Sam is a police officer.
neutral	Victoria lives in North Korea.	Victoria is an artist.
neutral	Keith lives in Egypt.	Keith is a journalist.
neutral	Sara lives in Libya.	Sara is a butler.
neutral	Hugh lives in Zimbabwe.	Hugh is an engineer.
neutral	Martha lives in Iceland.	Martha is a secretary.
neutral	Elizabeth lives in Bhutan.	Elizabeth is an architect.
neutral	Thomas lives in Azerbaijan.	Thomas is a secretary.
neutral	Harold lives in Haiti.	Harold is an engineer.
neutral	Emma lives in United Arab Emirates.	Emma is a journalist.
neutral	John lives in South Korea.	John is a lecturer.
neutral	Louis lives in South Korea.	Louis is a designer.
neutral	Linda lives in Turkey.	Linda is an architect.
neutral	Philip lives in Finland.	Philip is a cook.
neutral	Bill lives in Philippines.	Bill is an artist.
neutral	Nancy lives in Finland.	Nancy is a scientist.
neutral	Billy lives in Cuba.	Billy is a plumber.
neutral	Samuel lives in Laos.	Samuel is a chef.
neutral	Richard lives in United Arab Emirates.	Richard is an engineer.
neutral	Ralph lives in Philippines.	Ralph is a designer.
neutral	Frank lives in Australia.	Frank is a judge.
neutral	Nancy lives in Finland.	Nancy is a lawyer.
neutral	Virginia lives in Nepal.	Virginia is a firefighter.
neutral	Laura lives in Iran.	Laura is a cook.
neutral	Richard lives in Haiti.	Richard is an author.
neutral	Betty lives in Indonesia.	Betty is an accountant.
neutral	Wendy lives in Russia.	Wendy is a hairdresser.
neutral	Sharon lives in Maldives.	Sharon is a secretary.
neutral	Linda lives in Pakistan.	Linda is a firefighter.
neutral	Mike lives in Turkey.	Mike is a cook.
neutral	Sophie lives in Iran.	Sophie is a secretary.
neutral	Katie lives in Hungary.	Katie is an engineer.
neutral	Sara lives in Sweden.	Sara is a plumber.
neutral	William lives in Turkey.	William is a teacher.
neutral	Patricia lives in Saudi Arabia.	Patricia is a cook.
neutral	Peter lives in Azerbaijan.	Peter is a scientist.
neutral	Michelle lives in North Korea.	Michelle is an architect.
neutral	Kathryn lives in Brazil.	Kathryn is a chef.
neutral	Emma lives in Chile.	Emma is a lecturer.
neutral	Henry lives in Iraq.	Henry is a teacher.
neutral	Amy lives in Qatar.	Amy is a teacher.
neutral	Joseph lives in Ireland.	Joseph is a tailor.
neutral	Lisa lives in Maldives.	Lisa is a teacher.
neutral	Thomas lives in Greece.	Thomas is a secretary.
neutral	Diane lives in Vietnam.	Diane is an economist.
neutral	Donald lives in Indonesia.	Donald is an accountant.
neutral	Roy lives in Colombia.	Roy is an accountant.
neutral	Jean lives in France.	Jean is a physician.
neutral	Alison lives in Iceland.	Alison is an author.
neutral	Alice lives in Oman.	Alice is a professor.
neutral	Jane lives in Poland.	Jane is a nurse.
neutral	Stephanie lives in Ecuador.	Stephanie is a writer.
neutral	Leslie lives in Maldives.	Leslie is a farmer.
neutral	Ian lives in Cuba.	Ian is an electrician.
neutral	Greg lives in United Arab Emirates.	Greg is an accountant.
neutral	Kathy lives in Israel.	Kathy is an economist.
neutral	Roy lives in Ecuador.	Roy is an electrician.
neutral	Joan lives in Canada.	Joan is a lecturer.
neutral	Adam lives in Canada.	Adam is a butler.
neutral	Betty lives in Iraq.	Betty is a plumber.
neutral	Frank lives in United States of America.	Frank is a chef.
neutral	Joseph lives in Haiti.	Joseph is a firefighter.
neutral	Dick lives in China.	Dick is a physician.
neutral	Anne lives in Mexico.	Anne is an artist.
neutral	Andrea lives in Afghanistan.	Andrea is a firefighter.
neutral	Nicole lives in Ecuador.	Nicole is an author.
neutral	Ruth lives in Fiji.	Ruth is an author.
neutral	Alison lives in Belarus.	Alison is a butler.
neutral	Roger lives in Colombia.	Roger is an artist.
neutral	Christine lives in Ecuador.	Christine is a designer.
neutral	Mark lives in Maldives.	Mark is a cook.
neutral	Kevin lives in Israel.	Kevin is a professor.
neutral	Annie lives in Nepal.	Annie is a firefighter.
neutral	Richard lives in Bhutan.	Richard is a photographer.
neutral	Ashley lives in Austria.	Ashley is an author.
neutral	Bob lives in Belarus.	Bob is an electrician.
neutral	Howard lives in Sweden.	Howard is an actor.
neutral	Lauren lives in Australia.	Lauren is a mechanic.
neutral	Maria lives in South Korea.	Maria is an electrician.
neutral	Hugh lives in Haiti.	Hugh is a police officer.
neutral	Howard lives in Argentina.	Howard is a cook.
neutral	Amanda lives in France.	Amanda is an architect.
neutral	Roger lives in Georgia.	Roger is a librarian.
neutral	Lisa lives in Sweden.	Lisa is a butler.
neutral	Stephen lives in Netherlands.	Stephen is a designer.
neutral	Lisa lives in Indonesia.	Lisa is a judge.
neutral	Charlotte lives in Sweden.	Charlotte is a cook.
neutral	Ruth lives in Belarus.	Ruth is a cook.
neutral	Julie lives in Ukraine.	Julie is a professor.
neutral	Charlotte lives in Afghanistan.	Charlotte is an architect.
neutral	Alan lives in Singapore.	Alan is a teacher.
neutral	Matthew lives in Afghanistan.	Matthew is an engineer.
neutral	Betty lives in Iran.	Betty is a lecturer.
neutral	Alexandra lives in Oman.	Alexandra is an economist.
neutral	Kate lives in Iceland.	Kate is a dentist.
neutral	Larry lives in Haiti.	Larry is an aviator.
neutral	Christine lives in Zimbabwe.	Christine is a journalist.
neutral	Ashley lives in Iran.	Ashley is a hairdresser.
neutral	Colin lives in Iraq.	Colin is a teacher.
neutral	Wendy lives in United States of America.	Wendy is an economist.
neutral	Jerry lives in Fiji.	Jerry is a librarian.
neutral	Alex lives in United Kingdom.	Alex is an artist.
neutral	Thomas lives in China.	Thomas is a cook.
neutral	Elizabeth lives in China.	Elizabeth is a firefighter.
neutral	Harold lives in Nepal.	Harold is a lecturer.
neutral	Sharon lives in Ukraine.	Sharon is a photographer.
neutral	Edith lives in Chile.	Edith is a dentist.
neutral	Keith lives in Argentina.	Keith is an architect.
neutral	Julia lives in Ghana.	Julia is an artist.
neutral	George lives in Mexico.	George is an author.
neutral	Lauren lives in Maldives.	Lauren is a model.
neutral	Al lives in Uruguay.	Al is a lecturer.
neutral	Caroline lives in Russia.	Caroline is a farmer.
neutral	Judith lives in Belgium.	Judith is a photographer.
neutral	Frederick lives in Singapore.	Frederick is a hairdresser.
neutral	Martha lives in Australia.	Martha is a nurse.
neutral	Dave lives in Laos.	Dave is a firefighter.
neutral	Tom lives in Austria.	Tom is an accountant.
neutral	Sophie lives in Oman.	Sophie is a tailor.
neutral	Steven lives in Argentina.	Steven is a plumber.
neutral	Kathryn lives in Iran.	Kathryn is a physician.
neutral	Thomas lives in Chile.	Thomas is an aviator.
neutral	Jerry lives in Hungary.	Jerry is a lecturer.
neutral	Michelle lives in Chile.	Michelle is a lawyer.
neutral	Alex lives in New Zealand.	Alex is a photographer.
neutral	Jane lives in Qatar.	Jane is a writer.
neutral	Virginia lives in Portugal.	Virginia is an artist.
neutral	Patrick lives in Hungary.	Patrick is a designer.
neutral	Al lives in Nepal.	Al is an architect.
neutral	Cynthia lives in Philippines.	Cynthia is a chef.
neutral	Jim lives in Iceland.	Jim is a firefighter.
neutral	Steven lives in Italy.	Steven is a physician.
neutral	Albert lives in Brazil.	Albert is a tailor.
neutral	Robin lives in Ghana.	Robin is a mechanic.
neutral	Nicole lives in Bhutan.	Nicole is a photographer.
neutral	Alison lives in Saudi Arabia.	Alison is a tailor.
neutral	Jonathan lives in South Korea.	Jonathan is a lecturer.
neutral	Maria lives in Iraq.	Maria is an aviator.
neutral	Anne lives in Japan.	Anne is an accountant.
neutral	Sally lives in Netherlands.	Sally is a secretary.
neutral	Anne lives in Austria.	Anne is a librarian.
neutral	Daniel lives in Libya.	Daniel is a scientist.
neutral	Sally lives in Ghana.	Sally is a butler.
neutral	Donald lives in Nepal.	Donald is an architect.
neutral	Sara lives in Netherlands.	Sara is a physician.
neutral	Frank lives in United Kingdom.	Frank is an electrician.
neutral	Michelle lives in Brazil.	Michelle is a designer.
neutral	Donald lives in Turkey.	Donald is an artist.
neutral	Ben lives in United Arab Emirates.	Ben is an architect.
neutral	John lives in Greece.	John is a cook.
neutral	Harry lives in Chile.	Harry is a police officer.
neutral	Christopher lives in Philippines.	Christopher is an architect.
neutral	Betty lives in Switzerland.	Betty is a designer.
neutral	Marilyn lives in Ghana.	Marilyn is a scientist.
neutral	Judith lives in Colombia.	Judith is a hairdresser.
neutral	Steve lives in Bhutan.	Steve is a dentist.
neutral	Dave lives in Nepal.	Dave is a hairdresser.
neutral	Fred lives in Thailand.	Fred is an accountant.
neutral	Adam lives in Russia.	Adam is a photographer.
neutral	Linda lives in Poland.	Linda is a writer.
neutral	Stephen lives in Philippines.	Stephen is an electrician.
neutral	Sandra lives in Afghanistan.	Sandra is a professor.
neutral	Edwin lives in New Zealand.	Edwin is a physician.
neutral	Emma lives in Libya.	Emma is an author.
neutral	Daniel lives in United Arab Emirates.	Daniel is a journalist.
neutral	Andrea lives in Haiti.	Andrea is a police officer.
neutral	Edwin lives in Fiji.	Edwin is a firefighter.
neutral	Amy lives in Chile.	Amy is a lawyer.
neutral	Benjamin lives in Saudi Arabia.	Benjamin is a police officer.
neutral	Mark lives in Zimbabwe.	Mark is a butler.
neutral	Joseph lives in India.	Joseph is a tailor.
neutral	Sam lives in Italy.	Sam is a physician.
neutral	Frederick lives in Italy.	Frederick is an architect.
neutral	Katherine lives in United Arab Emirates.	Katherine is a butler.
neutral	Gary lives in Portugal.	Gary is a chef.
neutral	Joe lives in Taiwan.	Joe is a journalist.
neutral	Walter lives in Canada.	Walter is a writer.
neutral	Robin lives in Fiji.	Robin is a hairdresser.
neutral	Robert lives in Australia.	Robert is an actor.
neutral	Christine lives in Thailand.	Christine is an artist.
neutral	Michelle lives in Canada.	Michelle is a teacher.
neutral	Matt lives in Greece.	Matt is a farmer.
neutral	David lives in Ukraine.	David is a nurse.
neutral	Andrew lives in Japan.	Andrew is a lecturer.
neutral	Rebecca lives in Australia.	Rebecca is a teacher.
neutral	Scott lives in Qatar.	Scott is a model.
neutral	Jennifer lives in Azerbaijan.	Jennifer is a dietitian.
neutral	Charles lives in Singapore.	Charles is a tailor.
neutral	Anna lives in Poland.	Anna is a writer.
neutral	Leslie lives in Georgia.	Leslie is a police officer.
neutral	Frederick lives in Malaysia.	Frederick is a dentist.
neutral	Jane lives in Brazil.	Jane is a hairdresser.
neutral	Matt lives in Qatar.	Matt is a tailor.
neutral	Donald lives in Italy.	Donald is an electrician.
neutral	Nancy lives in Pakistan.	Nancy is a firefighter.
neutral	John lives in Denmark.	John is a cook.
neutral	Elaine lives in Thailand.	Elaine is a physician.
neutral	Bill lives in Poland.	Bill is an engineer.
neutral	Susan lives in Finland.	Susan is a dentist.
neutral	Sara lives in Australia.	Sara is a professor.
neutral	Ray lives in Thailand.	Ray is an electrician.
neutral	Linda lives in Iran.	Linda is a physician.
neutral	Lawrence lives in Austria.	Lawrence is a writer.
neutral	Martin lives in South Korea.	Martin is an accountant.
neutral	Roger lives in Ecuador.	Roger is a hairdresser.
neutral	Bobby lives in Iceland.	Bobby is a librarian.
neutral	Benjamin lives in Zimbabwe.	Benjamin is a scientist.
neutral	Joe lives in Laos.	Joe is a lawyer.
neutral	Brian lives in Russia.	Brian is a hairdresser.
neutral	Carl lives in Philippines.	Carl is a lecturer.
neutral	Marie lives in Switzerland.	Marie is a chef.
neutral	Ellen lives in Egypt.	Ellen is an actor.
neutral	Robert lives in Argentina.	Robert is an artist.
neutral	Anthony lives in Iran.	Anthony is a lecturer.
neutral	Eleanor lives in Belgium.	Eleanor is a writer.
neutral	David lives in Iceland.	David is a tailor.
neutral	Jonathan lives in Uruguay.	Jonathan is a chef.
neutral	Steven lives in Belgium.	Steven is a model.
neutral	Alex lives in Azerbaijan.	Alex is an artist.
neutral	Ralph lives in Australia.	Ralph is a scientist.
neutral	Louis lives in Switzerland.	Louis is a farmer.
neutral	Steve lives in Denmark.	Steve is a hairdresser.
neutral	Ellen lives in Japan.	Ellen is an artist.
neutral	Keith lives in Malaysia.	Keith is a cook.
neutral	Martha lives in Brazil.	Martha is a farmer.
neutral	Edward lives in Iceland.	Edward is a nurse.
neutral	Wendy lives in Portugal.	Wendy is an architect.
neutral	Julia lives in Malaysia.	Julia is a scientist.
neutral	Dick lives in Saudi Arabia.	Dick is an electrician.
neutral	Laura lives in North Korea.	Laura is a physician.
neutral	Louise lives in Afghanistan.	Louise is a dietitian.
neutral	Ellen lives in Thailand.	Ellen is an engineer.
neutral	Frank lives in Chile.	Frank is a lawyer.
neutral	Ryan lives in Fiji.	Ryan is a hairdresser.
neutral	Ryan lives in Israel.	Ryan is a plumber.
neutral	Karen lives in Fiji.	Karen is a lawyer.
neutral	Jason lives in Ireland.	Jason is an author.
neutral	Stephanie lives in Ireland.	Stephanie is an artist.
neutral	Albert lives in Iraq.	Albert is an actor.
neutral	Martha lives in Switzerland.	Martha is a secretary.
neutral	Charlotte lives in Egypt.	Charlotte is a teacher.
neutral	Claire lives in Oman.	Claire is a scientist.
neutral	Bob lives in Argentina.	Bob is a judge.
neutral	Peter lives in United States of America.	Peter is an engineer.
neutral	Charles lives in Saudi Arabia.	Charles is a lawyer.
neutral	Barbara lives in Switzerland.	Barbara is a mechanic.
neutral	Joan lives in Cuba.	Joan is a physician.
neutral	Judy lives in Chile.	Judy is an engineer.
neutral	Mike lives in Thailand.	Mike is an aviator.
neutral	Pamela lives in Bhutan.	Pamela is a plumber.
neutral	Stephen lives in Russia.	Stephen is an aviator.
neutral	Jimmy lives in Thailand.	Jimmy is an aviator.
neutral	Louis lives in Afghanistan.	Louis is a designer.
neutral	Michelle lives in United States of America.	Michelle is a judge.
neutral	Edwin lives in Finland.	Edwin is a dietitian.
neutral	Jason lives in Mexico.	Jason is a dietitian.
neutral	Dorothy lives in Chile.	Dorothy is a librarian.
neutral	Colin lives in Canada.	Colin is a butler.
neutral	Alice lives in Zimbabwe.	Alice is an economist.
neutral	Fred lives in Haiti.	Fred is an electrician.
neutral	Emma lives in Georgia.	Emma is a model.
neutral	Lisa lives in North Korea.	Lisa is an author.
neutral	Frederick lives in Sweden.	Frederick is a plumber.
neutral	Kathleen lives in United States of America.	Kathleen is a model.
neutral	Joan lives in Iceland.	Joan is a scientist.
neutral	Alex lives in Georgia.	Alex is a tailor.
neutral	Katherine lives in Ireland.	Katherine is a designer.
neutral	Benjamin lives in Colombia.	Benjamin is a dentist.
neutral	Jimmy lives in South Korea.	Jimmy is a journalist.
neutral	Michelle lives in Israel.	Michelle is a professor.
neutral	Rose lives in Chile.	Rose is a lawyer.
neutral	Cynthia lives in Cuba.	Cynthia is a police officer.
neutral	Chris lives in Colombia.	Chris is a firefighter.
neutral	Leslie lives in Germany.	Leslie is a teacher.
neutral	Sophie lives in Portugal.	Sophie is a secretary.
neutral	Sue lives in Netherlands.	Sue is an actor.
neutral	Jim lives in Saudi Arabia.	Jim is a police officer.
neutral	Chris lives in Maldives.	Chris is a physician.
neutral	Dan lives in New Zealand.	Dan is a tailor.
neutral	Susan lives in Bhutan.	Susan is a physician.
neutral	Carl lives in Bhutan.	Carl is a secretary.
neutral	Paul lives in China.	Paul is a model.
neutral	Susan lives in Colombia.	Susan is a judge.
neutral	Helen lives in Brazil.	Helen is a mechanic.
neutral	Anne lives in Austria.	Anne is a photographer.
neutral	Dan lives in Colombia.	Dan is a model.
neutral	Ed lives in Pakistan.	Ed is a physician.
neutral	Linda lives in Poland.	Linda is an architect.
neutral	Francis lives in Iraq.	Francis is a lawyer.
neutral	Victoria lives in China.	Victoria is an accountant.
neutral	Nicole lives in Poland.	Nicole is a butler.
neutral	Daniel lives in Italy.	Daniel is an aviator.
neutral	Katherine lives in Thailand.	Katherine is a butler.
neutral	Paul lives in Hungary.	Paul is a model.
neutral	Anthony lives in Poland.	Anthony is a secretary.
neutral	Philip lives in Nepal.	Philip is a nurse.
neutral	Bill lives in Egypt.	Bill is an aviator.
neutral	Henry lives in Turkey.	Henry is an aviator.
neutral	Ruth lives in Uruguay.	Ruth is an actor.
neutral	Ken lives in Georgia.	Ken is an actor.
neutral	Laura lives in Ukraine.	Laura is an economist.
neutral	Elaine lives in China.	Elaine is an electrician.
neutral	Charlotte lives in Haiti.	Charlotte is a judge.
neutral	Kim lives in Colombia.	Kim is a farmer.
neutral	Jonathan lives in Egypt.	Jonathan is a chef.
neutral	Albert lives in Chile.	Albert is a farmer.
neutral	Billy lives in Turkey.	Billy is a cook.
neutral	Diane lives in United Arab Emirates.	Diane is an architect.
neutral	Louis lives in Ireland.	Louis is a journalist.
neutral	Diane lives in Belarus.	Diane is a photographer.
neutral	Judy lives in Denmark.	Judy is a dietitian.
neutral	Ashley lives in Austria.	Ashley is a police officer.
neutral	Betty lives in United Arab Emirates.	Betty is a professor.
neutral	Janet lives in Laos.	Janet is a police officer.
neutral	Edward lives in Laos.	Edward is an electrician.
neutral	Lucy lives in Singapore.	Lucy is a firefighter.
neutral	Helen lives in Philippines.	Helen is an electrician.
neutral	Dan lives in Greece.	Dan is an engineer.
neutral	John lives in United Kingdom.	John is a cook.
neutral	Greg lives in Singapore.	Greg is a firefighter.
neutral	Anne lives in Turkey.	Anne is a police officer.
neutral	Harriet lives in Uruguay.	Harriet is a designer.
neutral	Kelly lives in Argentina.	Kelly is a cook.
neutral	Betty lives in United States of America.	Betty is a writer.
neutral	Joan lives in United Arab Emirates.	Joan is a judge.
neutral	Dick lives in Bangladesh.	Dick is a mechanic.
neutral	Joan lives in Afghanistan.	Joan is a lecturer.
neutral	Stephen lives in Haiti.	Stephen is a cook.
neutral	Francis lives in Uruguay.	Francis is a chef.
neutral	Eleanor lives in Russia.	Eleanor is an architect.
neutral	Al lives in Singapore.	Al is a mechanic.
neutral	Sara lives in Japan.	Sara is a writer.
neutral	Dave lives in Iran.	Dave is a physician.
neutral	Suzanne lives in Uruguay.	Suzanne is a hairdresser.
neutral	Jennifer lives in Maldives.	Jennifer is a mechanic.
neutral	Donna lives in China.	Donna is a hairdresser.
neutral	Carol lives in Switzerland.	Carol is a teacher.
neutral	Jimmy lives in Afghanistan.	Jimmy is a librarian.
neutral	Jane lives in Belgium.	Jane is a judge.
neutral	David lives in Greece.	David is a dentist.
neutral	Brian lives in Germany.	Brian is a judge.
neutral	Alice lives in Ukraine.	Alice is a lecturer.
neutral	Dan lives in Zimbabwe.	Dan is a physician.
neutral	Charles lives in Turkey.	Charles is a dietitian.
neutral	George lives in Switzerland.	George is a model.
neutral	Harold lives in Bhutan.	Harold is a police officer.
neutral	Harold lives in China.	Harold is a photographer.
neutral	Johnny lives in Chile.	Johnny is a secretary.
neutral	Tim lives in Qatar.	Tim is a writer.
neutral	Richard lives in South Korea.	Richard is a teacher.
neutral	Louis lives in Greece.	Louis is an artist.
neutral	Mary lives in Georgia.	Mary is a lawyer.
neutral	Al lives in Greece.	Al is a dietitian.
neutral	Walter lives in Russia.	Walter is a farmer.
neutral	Frederick lives in Saudi Arabia.	Frederick is an author.
neutral	Larry lives in Thailand.	Larry is a nurse.
neutral	Robin lives in Haiti.	Robin is a plumber.
neutral	Ashley lives in Chile.	Ashley is a mechanic.
neutral	Jane lives in Singapore.	Jane is a scientist.
neutral	Kelly lives in Switzerland.	Kelly is a dentist.
neutral	Harold lives in Nepal.	Harold is an actor.
neutral	Kathryn lives in Bangladesh.	Kathryn is a dentist.
neutral	Julie lives in France.	Julie is a hairdresser.
neutral	Sue lives in China.	Sue is a butler.
neutral	Hugh lives in Fiji.	Hugh is a firefighter.
neutral	Gary lives in Afghanistan.	Gary is a photographer.
neutral	Christopher lives in South Korea.	Christopher is an architect.
neutral	Suzanne lives in Afghanistan.	Suzanne is a scientist.
neutral	Linda lives in Nepal.	Linda is an accountant.
neutral	Rachel lives in Finland.	Rachel is a hairdresser.
neutral	William lives in Belgium.	William is a hairdresser.
neutral	Leslie lives in United Arab Emirates.	Leslie is an actor.
neutral	Grace lives in Taiwan.	Grace is a police officer.
neutral	Florence lives in Saudi Arabia.	Florence is a cook.
neutral	Mary lives in South Korea.	Mary is a scientist.
neutral	Alice lives in Australia.	Alice is a mechanic.
neutral	Catherine lives in Libya.	Catherine is an architect.
neutral	Julia lives in Brazil.	Julia is a photographer.
neutral	Karen lives in India.	Karen is an accountant.
neutral	Eleanor lives in Mexico.	Eleanor is an architect.
neutral	Jack lives in Nepal.	Jack is a tailor.
neutral	Fred lives in Nepal.	Fred is a journalist.
neutral	Robin lives in Bangladesh.	Robin is an aviator.
neutral	Rose lives in Denmark.	Rose is a nurse.
neutral	Andrew lives in Canada.	Andrew is an engineer.
neutral	Rachel lives in Vietnam.	Rachel is a lecturer.
neutral	Matt lives in Switzerland.	Matt is an aviator.
neutral	Christopher lives in South Korea.	Christopher is a plumber.
neutral	Victoria lives in Taiwan.	Victoria is a physician.
neutral	Katie lives in Zimbabwe.	Katie is a chef.
neutral	Dan lives in Chile.	Dan is an aviator.
neutral	Bill lives in Poland.	Bill is a firefighter.
neutral	Barbara lives in China.	Barbara is a cook.
neutral	Ralph lives in South Korea.	Ralph is an accountant.
neutral	Ryan lives in Hungary.	Ryan is a journalist.
neutral	Sharon lives in Colombia.	Sharon is a judge.
neutral	Simon lives in China.	Simon is a professor.
neutral	Simon lives in Azerbaijan.	Simon is a farmer.
neutral	Carolyn lives in Belgium.	Carolyn is a mechanic.
neutral	Kenneth lives in Maldives.	Kenneth is an actor.
neutral	Dorothy lives in Uruguay.	Dorothy is a nurse.
neutral	Ralph lives in Vietnam.	Ralph is a model.
neutral	Joe lives in Vietnam.	Joe is a farmer.
neutral	Barbara lives in Haiti.	Barbara is an economist.
neutral	Ann lives in Denmark.	Ann is an electrician.
neutral	Mark lives in Switzerland.	Mark is a designer.
neutral	Thomas lives in Maldives.	Thomas is a hairdresser.
neutral	Anne lives in Colombia.	Anne is a secretary.
neutral	James lives in Taiwan.	James is a librarian.
neutral	Harriet lives in Maldives.	Harriet is an engineer.
neutral	Ellen lives in Colombia.	Ellen is a teacher.
neutral	Mike lives in Canada.	Mike is a firefighter.
neutral	Stephanie lives in Libya.	Stephanie is a firefighter.
neutral	Anna lives in Indonesia.	Anna is an engineer.
neutral	Anna lives in Thailand.	Anna is a firefighter.
neutral	Samuel lives in Netherlands.	Samuel is a nurse.
neutral	Kim lives in Vietnam.	Kim is an economist.
neutral	Linda lives in Turkey.	Linda is an engineer.
neutral	Patrick lives in Pakistan.	Patrick is a lecturer.
neutral	Ray lives in Chile.	Ray is a lawyer.
neutral	Alice lives in Italy.	Alice is a hairdresser.
neutral	Ryan lives in Cuba.	Ryan is an artist.
neutral	Margaret lives in Taiwan.	Margaret is an actor.
neutral	Walter lives in Fiji.	Walter is a photographer.
neutral	Dorothy lives in Oman.	Dorothy is a plumber.
neutral	Gary lives in Germany.	Gary is a tailor.
neutral	James lives in Russia.	James is a designer.
neutral	Billy lives in Greece.	Billy is a librarian.
neutral	Jennifer lives in Zimbabwe.	Jennifer is a judge.
neutral	Stephen lives in Laos.	Stephen is an artist.
neutral	Thomas lives in Greece.	Thomas is a dentist.
neutral	Jill lives in Russia.	Jill is a chef.
neutral	Cynthia lives in United States of America.	Cynthia is a model.
neutral	Charles lives in Cuba.	Charles is a scientist.
neutral	Steven lives in China.	Steven is a police officer.
neutral	Ron lives in North Korea.	Ron is a cook.
neutral	David lives in Bangladesh.	David is a dentist.
neutral	Amy lives in Azerbaijan.	Amy is a plumber.
neutral	Emily lives in Hungary.	Emily is an engineer.
neutral	Ian lives in Netherlands.	Ian is a designer.
neutral	Tim lives in Philippines.	Tim is a judge.
neutral	Robert lives in Azerbaijan.	Robert is a lawyer.
neutral	Elaine lives in Greece.	Elaine is an architect.
neutral	Kim lives in Maldives.	Kim is a lawyer.
neutral	Jeff lives in Bhutan.	Jeff is a lawyer.
neutral	Marilyn lives in North Korea.	Marilyn is a police officer.
neutral	Billy lives in Saudi Arabia.	Billy is a cook.
neutral	Sophie lives in Italy.	Sophie is an aviator.
neutral	Mark lives in Qatar.	Mark is a secretary.
neutral	Alex lives in United Kingdom.	Alex is a writer.
neutral	Robin lives in Maldives.	Robin is a lecturer.
neutral	Jonathan lives in Belgium.	Jonathan is a scientist.
neutral	Matt lives in Portugal.	Matt is an architect.
neutral	Ken lives in United Kingdom.	Ken is an engineer.
neutral	Cynthia lives in Israel.	Cynthia is a writer.
neutral	Dorothy lives in Fiji.	Dorothy is a lawyer.
neutral	Claire lives in Canada.	Claire is a chef.
neutral	Ray lives in Philippines.	Ray is a chef.
neutral	Victoria lives in United Kingdom.	Victoria is a writer.
neutral	Diane lives in Afghanistan.	Diane is a designer.
neutral	Janet lives in Qatar.	Janet is a journalist.
neutral	Ray lives in Italy.	Ray is a dietitian.
neutral	Amanda lives in Libya.	Amanda is a farmer.
neutral	Christopher lives in Argentina.	Christopher is a dentist.
neutral	Ben lives in Afghanistan.	Ben is an aviator.
neutral	Arthur lives in Indonesia.	Arthur is a chef.
neutral	Dave lives in Portugal.	Dave is a dietitian.
neutral	Ken lives in Egypt.	Ken is a dietitian.
neutral	Elaine lives in Georgia.	Elaine is a lawyer.
neutral	Florence lives in United Kingdom.	Florence is a mechanic.
neutral	Alice lives in Maldives.	Alice is an actor.
neutral	Jack lives in Ghana.	Jack is a judge.
neutral	Caroline lives in China.	Caroline is a journalist.
neutral	Ellen lives in Ukraine.	Ellen is a nurse.
neutral	David lives in Malaysia.	David is a writer.
neutral	Christine lives in Georgia.	Christine is a cook.
neutral	Nicole lives in Maldives.	Nicole is an artist.
neutral	Nick lives in Ukraine.	Nick is a police officer.
neutral	Anthony lives in Greece.	Anthony is a farmer.
neutral	Marie lives in Greece.	Marie is an architect.
neutral	Lauren lives in Australia.	Lauren is a professor.
neutral	Gary lives in Libya.	Gary is a photographer.
neutral	Michael lives in Haiti.	Michael is a plumber.
neutral	Kathryn lives in France.	Kathryn is a plumber.
neutral	Margaret lives in Italy.	Margaret is an accountant.
neutral	Heather lives in Oman.	Heather is an aviator.
neutral	Kim lives in Cuba.	Kim is a chef.
neutral	George lives in Indonesia.	George is a plumber.
neutral	Keith lives in Switzerland.	Keith is an actor.
neutral	Mike lives in United Arab Emirates.	Mike is an economist.
neutral	Rachel lives in Finland.	Rachel is an economist.
neutral	Eleanor lives in United Arab Emirates.	Eleanor is a photographer.
neutral	Frank lives in Qatar.	Frank is an engineer.
neutral	Harold lives in Uruguay.	Harold is an actor.
neutral	Charlie lives in Uruguay.	Charlie is a secretary.
neutral	Johnny lives in Sweden.	Johnny is a cook.
neutral	Al lives in Indonesia.	Al is a teacher.
neutral	Ken lives in Indonesia.	Ken is a tailor.
neutral	Emma lives in United Arab Emirates.	Emma is a nurse.
neutral	Judy lives in Germany.	Judy is a judge.
neutral	Karen lives in United Kingdom.	Karen is a farmer.
neutral	Rose lives in Iran.	Rose is a chef.
neutral	Ed lives in India.	Ed is a librarian.
neutral	Andrew lives in Denmark.	Andrew is a farmer.
neutral	Pamela lives in Turkey.	Pamela is a photographer.
neutral	Pamela lives in Argentina.	Pamela is a librarian.
neutral	David lives in United Kingdom.	David is an electrician.
neutral	Harry lives in Bangladesh.	Harry is a physician.
neutral	Ann lives in Switzerland.	Ann is a secretary.
neutral	Stephen lives in Australia.	Stephen is a police officer.
neutral	Marilyn lives in Sweden.	Marilyn is a photographer.
neutral	Eleanor lives in Zimbabwe.	Eleanor is a police officer.
neutral	Kelly lives in India.	Kelly is a cook.
neutral	Louise lives in Vietnam.	Louise is a professor.
neutral	Jill lives in Nepal.	Jill is a teacher.
neutral	Marilyn lives in Mexico.	Marilyn is a writer.
neutral	Amy lives in Bangladesh.	Amy is a dietitian.
neutral	Donald lives in Ireland.	Donald is a plumber.
neutral	Louis lives in Indonesia.	Louis is a chef.
neutral	Ruth lives in Bhutan.	Ruth is a professor.
neutral	Catherine lives in Indonesia.	Catherine is a police officer.
neutral	Helen lives in Israel.	Helen is a dietitian.
neutral	Lawrence lives in Sweden.	Lawrence is a writer.
neutral	Roy lives in Denmark.	Roy is a librarian.
neutral	Sam lives in Mexico.	Sam is a firefighter.
neutral	Robin lives in Iran.	Robin is a journalist.
neutral	Ashley lives in Iraq.	Ashley is a firefighter.
neutral	Steve lives in United Arab Emirates.	Steve is an actor.
neutral	Stephen lives in Italy.	Stephen is an engineer.
neutral	Eric lives in Colombia.	Eric is an architect.
neutral	Alice lives in Malaysia.	Alice is a librarian.
neutral	Jean lives in India.	Jean is a designer.
neutral	Simon lives in Ghana.	Simon is an engineer.
neutral	Anna lives in South Korea.	Anna is an artist.
neutral	John lives in Cuba.	John is an actor.
neutral	Lucy lives in Qatar.	Lucy is an accountant.
neutral	Chris lives in Afghanistan.	Chris is a designer.
neutral	Steven lives in Turkey.	Steven is an electrician.
neutral	Judy lives in Finland.	Judy is a hairdresser.
neutral	Katherine lives in Malaysia.	Katherine is a plumber.
neutral	Andrew lives in Sweden.	Andrew is a butler.
neutral	Janet lives in Afghanistan.	Janet is a judge.
neutral	Catherine lives in Maldives.	Catherine is a lecturer.
neutral	Jim lives in Maldives.	Jim is a nurse.
neutral	Kathy lives in Brazil.	Kathy is a chef.
neutral	Jane lives in Cuba.	Jane is an architect.
neutral	Amanda lives in Iran.	Amanda is a model.
neutral	Edith lives in Portugal.	Edith is a nurse.
neutral	Philip lives in Ukraine.	Philip is a nurse.
neutral	Janet lives in Pakistan.	Janet is a dentist.
neutral	Frederick lives in Austria.	Frederick is an author.
neutral	Stephen lives in Russia.	Stephen is a tailor.
neutral	James lives in Turkey.	James is a police officer.
neutral	Christine lives in Indonesia.	Christine is a designer.
neutral	Louise lives in Israel.	Louise is a dietitian.
neutral	Ben lives in United Kingdom.	Ben is a lecturer.
neutral	Don lives in Bhutan.	Don is a plumber.
neutral	Andrew lives in Libya.	Andrew is a butler.
neutral	Peter lives in Turkey.	Peter is a teacher.
neutral	Eleanor lives in Germany.	Eleanor is a teacher.
neutral	Jonathan lives in South Korea.	Jonathan is a nurse.
neutral	Martha lives in Finland.	Martha is a dietitian.
neutral	Jerry lives in Iran.	Jerry is a physician.
neutral	Sophie lives in Zimbabwe.	Sophie is a butler.
neutral	Gary lives in India.	Gary is a farmer.
neutral	Sara lives in United Kingdom.	Sara is an electrician.
neutral	Ruth lives in France.	Ruth is a hairdresser.
neutral	Karen lives in Cuba.	Karen is a judge.
neutral	Louis lives in Brazil.	Louis is a judge.
neutral	Ed lives in Pakistan.	Ed is a chef.
neutral	Bill lives in Vietnam.	Bill is a plumber.
neutral	Jill lives in Philippines.	Jill is an aviator.
neutral	Sharon lives in Zimbabwe.	Sharon is an engineer.
neutral	Suzanne lives in North Korea.	Suzanne is a hairdresser.
neutral	Ralph lives in Georgia.	Ralph is a mechanic.
neutral	Edwin lives in Zimbabwe.	Edwin is a tailor.
neutral	Dick lives in Italy.	Dick is a tailor.
neutral	Barbara lives in India.	Barbara is a secretary.
neutral	Andrea lives in Austria.	Andrea is a police officer.
neutral	Peter lives in China.	Peter is a dentist.
neutral	Claire lives in South Korea.	Claire is a nurse.
neutral	Victoria lives in Ukraine.	Victoria is a lawyer.
neutral	Ann lives in Greece.	Ann is a hairdresser.
neutral	Tim lives in Qatar.	Tim is a lawyer.
neutral	Kathleen lives in Azerbaijan.	Kathleen is an artist.
neutral	Roy lives in Indonesia.	Roy is a journalist.
neutral	Scott lives in Saudi Arabia.	Scott is a police officer.
neutral	Nick lives in Maldives.	Nick is a professor.
neutral	Simon lives in Georgia.	Simon is a mechanic.
neutral	Peter lives in Thailand.	Peter is a designer.
neutral	Tim lives in Chile.	Tim is a professor.
neutral	Howard lives in Malaysia.	Howard is an accountant.
neutral	Carl lives in Fiji.	Carl is a police officer.
neutral	Frances lives in United Kingdom.	Frances is a cook.
neutral	Emily lives in Haiti.	Emily is an economist.
neutral	Alice lives in Italy.	Alice is an author.
neutral	Kelly lives in Greece.	Kelly is an architect.
neutral	Helen lives in France.	Helen is a model.
neutral	George lives in Netherlands.	George is an actor.
neutral	Marilyn lives in Austria.	Marilyn is an author.
neutral	Virginia lives in Oman.	Virginia is a butler.
neutral	Sandra lives in Cuba.	Sandra is a nurse.
neutral	Tim lives in Ghana.	Tim is a designer.
neutral	Kenneth lives in Hungary.	Kenneth is an economist.
neutral	Evelyn lives in France.	Evelyn is an electrician.
neutral	Sally lives in United Arab Emirates.	Sally is a firefighter.
neutral	Wendy lives in Qatar.	Wendy is a judge.
neutral	Ed lives in Israel.	Ed is a designer.
neutral	Charlie lives in Azerbaijan.	Charlie is a firefighter.
neutral	Jill lives in Qatar.	Jill is a lecturer.
neutral	Florence lives in Iran.	Florence is an actor.
neutral	Tom lives in Colombia.	Tom is an accountant.
neutral	Amanda lives in Colombia.	Amanda is a tailor.
neutral	Sara lives in Colombia.	Sara is a hairdresser.
neutral	Anthony lives in United States of America.	Anthony is a tailor.
neutral	Thomas lives in Ukraine.	Thomas is a hairdresser.
neutral	Ed lives in Ireland.	Ed is a lawyer.
neutral	Lucy lives in Greece.	Lucy is a lawyer.
neutral	Amy lives in Ecuador.	Amy is a physician.
neutral	Jerry lives in Laos.	Jerry is an electrician.
neutral	Stephanie lives in Indonesia.	Stephanie is a teacher.
neutral	Jay lives in Cuba.	Jay is an electrician.
neutral	Lisa lives in Brazil.	Lisa is a dietitian.
neutral	Virginia lives in Switzerland.	Virginia is a physician.
neutral	Bruce lives in Afghanistan.	Bruce is an architect.
neutral	Martha lives in Zimbabwe.	Martha is a dietitian.
neutral	Deborah lives in Indonesia.	Deborah is a butler.
neutral	Jessica lives in United States of America.	Jessica is an aviator.
neutral	Harry lives in Indonesia.	Harry is an electrician.
neutral	Marie lives in United Kingdom.	Marie is a hairdresser.
neutral	Pamela lives in United States of America.	Pamela is an author.
neutral	Pamela lives in Egypt.	Pamela is a tailor.
neutral	Rose lives in Italy.	Rose is an electrician.
neutral	Sharon lives in Azerbaijan.	Sharon is an artist.
neutral	Andrea lives in Azerbaijan.	Andrea is a tailor.
neutral	Francis lives in Oman.	Francis is a judge.
neutral	Nicole lives in United Arab Emirates.	Nicole is a professor.
neutral	Anne lives in Indonesia.	Anne is a designer.
neutral	Jerry lives in Ukraine.	Jerry is a butler.
neutral	Stephen lives in Austria.	Stephen is a photographer.
neutral	Claire lives in Australia.	Claire is a dentist.
neutral	Virginia lives in Taiwan.	Virginia is an electrician.
neutral	Charlie lives in Nepal.	Charlie is a tailor.
neutral	Jack lives in New Zealand.	Jack is a plumber.
neutral	Jay lives in Brazil.	Jay is a lawyer.
neutral	Tom lives in Brazil.	Tom is a physician.
neutral	Katie lives in Vietnam.	Katie is a librarian.
neutral	Bill lives in Greece.	Bill is a professor.
neutral	Jennifer lives in North Korea.	Jennifer is an artist.
neutral	Adam lives in Philippines.	Adam is a dentist.
neutral	Philip lives in Canada.	Philip is an aviator.
neutral	Roger lives in Azerbaijan.	Roger is a tailor.
neutral	Martha lives in Portugal.	Martha is a mechanic.
neutral	Lauren lives in Nepal.	Lauren is an electrician.
neutral	Martha lives in Finland.	Martha is a writer.
neutral	Harold lives in Switzerland.	Harold is a dentist.
neutral	Joseph lives in Afghanistan.	Joseph is a hairdresser.
neutral	Billy lives in United States of America.	Billy is a professor.
neutral	Louise lives in Brazil.	Louise is a farmer.
neutral	Christine lives in Brazil.	Christine is a designer.
neutral	Fred lives in Bangladesh.	Fred is a physician.
neutral	Heather lives in Australia.	Heather is a designer.
neutral	Chris lives in Cuba.	Chris is a lecturer.
neutral	James lives in Iran.	James is a judge.
neutral	Charles lives in Iran.	Charles is an artist.
neutral	Jerry lives in Cuba.	Jerry is an engineer.
neutral	Ashley lives in Cuba.	Ashley is a dentist.
neutral	Nancy lives in Mexico.	Nancy is a plumber.
neutral	Tim lives in Pakistan.	Tim is a judge.
neutral	Deborah lives in Hungary.	Deborah is a chef.
neutral	Philip lives in Germany.	Philip is a dentist.
neutral	Bob lives in Portugal.	Bob is a lecturer.
neutral	Robert lives in Italy.	Robert is a lecturer.
neutral	Dave lives in Argentina.	Dave is a mechanic.
neutral	Robert lives in South Korea.	Robert is a librarian.
neutral	Eric lives in Portugal.	Eric is an actor.
neutral	Fred lives in New Zealand.	Fred is a photographer.
neutral	Brian lives in Mexico.	Brian is an actor.
neutral	Harold lives in Pakistan.	Harold is a photographer.
neutral	Melissa lives in Philippines.	Melissa is a secretary.
neutral	Ashley lives in Sweden.	Ashley is a cook.
neutral	Emma lives in Iraq.	Emma is a police officer.
neutral	Edward lives in Georgia.	Edward is a nurse.
neutral	Marie lives in Libya.	Marie is an actor.
neutral	Eric lives in Cuba.	Eric is a farmer.
neutral	Tom lives in Denmark.	Tom is a nurse.
neutral	Alan lives in Ireland.	Alan is a hairdresser.
neutral	Roger lives in Belgium.	Roger is a farmer.
neutral	Ben lives in Ukraine.	Ben is a mechanic.
neutral	Kate lives in Germany.	Kate is a photographer.
neutral	Samuel lives in Israel.	Samuel is a hairdresser.
neutral	Heather lives in Haiti.	Heather is a butler.
neutral	Michael lives in Bangladesh.	Michael is a plumber.
neutral	Ryan lives in Singapore.	Ryan is a mechanic.
neutral	Johnny lives in Cuba.	Johnny is a writer.
neutral	Kelly lives in Turkey.	Kelly is a designer.
neutral	Cynthia lives in Vietnam.	Cynthia is a lawyer.
neutral	Ryan lives in Thailand.	Ryan is a professor.
neutral	Jay lives in Canada.	Jay is an aviator.
neutral	Eleanor lives in United Kingdom.	Eleanor is a dietitian.
neutral	Ann lives in Ireland.	Ann is an engineer.
neutral	Bill lives in Pakistan.	Bill is a police officer.
neutral	Ann lives in Philippines.	Ann is a scientist.
neutral	Billy lives in Haiti.	Billy is an architect.
neutral	Don lives in Ecuador.	Don is an actor.
neutral	Eric lives in Canada.	Eric is a dentist.
neutral	Jack lives in Georgia.	Jack is a hairdresser.
neutral	Wendy lives in Brazil.	Wendy is an electrician.
neutral	Carol lives in Israel.	Carol is a plumber.
neutral	Sue lives in South Korea.	Sue is a lawyer.
neutral	Edwin lives in Laos.	Edwin is an economist.
neutral	Ruth lives in Sweden.	Ruth is a chef.
neutral	Rose lives in Canada.	Rose is an electrician.
neutral	Matthew lives in Philippines.	Matthew is a mechanic.
neutral	Frances lives in Iraq.	Frances is a plumber.
neutral	Keith lives in France.	Keith is a judge.
neutral	Colin lives in Singapore.	Colin is an artist.
neutral	Florence lives in Egypt.	Florence is a plumber.
neutral	Kim lives in North Korea.	Kim is an accountant.
neutral	Jessica lives in Netherlands.	Jessica is a cook.
neutral	Eleanor lives in Qatar.	Eleanor is a physician.
neutral	Sandra lives in Portugal.	Sandra is a lawyer.
neutral	Christine lives in Libya.	Christine is a secretary.
neutral	Michael lives in United States of America.	Michael is a model.
neutral	Alfred lives in Australia.	Alfred is a farmer.
neutral	Amy lives in Bhutan.	Amy is a police officer.
neutral	Charlie lives in France.	Charlie is a chef.
neutral	Rose lives in Switzerland.	Rose is a scientist.
neutral	James lives in Malaysia.	James is a cook.
neutral	Nancy lives in China.	Nancy is a tailor.
neutral	Marilyn lives in North Korea.	Marilyn is a hairdresser.
neutral	Joan lives in Finland.	Joan is a scientist.
neutral	Eleanor lives in Israel.	Eleanor is a chef.
neutral	Stephanie lives in Iraq.	Stephanie is a secretary.
neutral	Frederick lives in Germany.	Frederick is an actor.
neutral	Jane lives in United Kingdom.	Jane is a farmer.
neutral	Kathryn lives in Iran.	Kathryn is a secretary.
neutral	Barbara lives in Azerbaijan.	Barbara is a librarian.
neutral	Fred lives in Philippines.	Fred is a dentist.
neutral	John lives in Libya.	John is a dietitian.
neutral	Alexandra lives in Qatar.	Alexandra is a writer.
neutral	Walter lives in Switzerland.	Walter is an actor.
neutral	Alexandra lives in Finland.	Alexandra is an accountant.
neutral	Kathryn lives in Thailand.	Kathryn is a police officer.
neutral	Pamela lives in France.	Pamela is a physician.
neutral	Jean lives in Iceland.	Jean is a farmer.
neutral	Philip lives in Oman.	Philip is a professor.
neutral	Dorothy lives in Brazil.	Dorothy is a librarian.
neutral	Lynn lives in Japan.	Lynn is a physician.
neutral	Frederick lives in Chile.	Frederick is an architect.
neutral	Jack lives in Israel.	Jack is a butler.
neutral	Kate lives in India.	Kate is a mechanic.
neutral	Ashley lives in Ukraine.	Ashley is a butler.
neutral	Emma lives in Bhutan.	Emma is an economist.
neutral	Linda lives in Maldives.	Linda is a designer.
neutral	Adam lives in Ukraine.	Adam is a writer.
neutral	Anthony lives in Austria.	Anthony is a plumber.
neutral	Ralph lives in Brazil.	Ralph is a farmer.
neutral	Stephanie lives in Poland.	Stephanie is a mechanic.
neutral	Linda lives in Canada.	Linda is a scientist.
neutral	Carol lives in United Kingdom.	Carol is a chef.
neutral	Bobby lives in Sweden.	Bobby is an economist.
neutral	Alexander lives in Ghana.	Alexander is a journalist.
neutral	Ed lives in India.	Ed is a dentist.
neutral	Emma lives in Brazil.	Emma is a designer.
neutral	Heather lives in Sweden.	Heather is a photographer.
neutral	Kenneth lives in Fiji.	Kenneth is a photographer.
neutral	Jason lives in Oman.	Jason is an actor.
neutral	Hugh lives in Philippines.	Hugh is a dentist.
neutral	Virginia lives in Belarus.	Virginia is an artist.
neutral	Anthony lives in Portugal.	Anthony is an aviator.
neutral	Francis lives in Argentina.	Francis is a police officer.
neutral	Roy lives in Ecuador.	Roy is an electrician.
neutral	Ron lives in Singapore.	Ron is a chef.
neutral	Ron lives in Qatar.	Ron is a chef.
neutral	Adam lives in Maldives.	Adam is a professor.
neutral	Walter lives in Hungary.	Walter is an economist.
neutral	Katie lives in Denmark.	Katie is a librarian.
neutral	Kelly lives in Uruguay.	Kelly is an aviator.
neutral	Ann lives in Azerbaijan.	Ann is an accountant.
neutral	Larry lives in New Zealand.	Larry is a librarian.
neutral	Jane lives in Hungary.	Jane is an author.
neutral	Carolyn lives in Ukraine.	Carolyn is a police officer.
neutral	Christopher lives in Zimbabwe.	Christopher is a hairdresser.
neutral	Mary lives in Azerbaijan.	Mary is a cook.
neutral	Ken lives in Maldives.	Ken is a farmer.
neutral	Jack lives in Austria.	Jack is a secretary.
neutral	Judith lives in Colombia.	Judith is an accountant.
neutral	Robert lives in Bangladesh.	Robert is a police officer.
neutral	Charlotte lives in Sweden.	Charlotte is a farmer.
neutral	Joan lives in Japan.	Joan is a model.
neutral	Martha lives in Pakistan.	Martha is an economist.
neutral	Susan lives in Bangladesh.	Susan is a plumber.
neutral	Harriet lives in China.	Harriet is a cook.
neutral	Harold lives in Poland.	Harold is a model.
neutral	Ralph lives in Australia.	Ralph is a dietitian.
neutral	Frederick lives in Chile.	Frederick is a dentist.
neutral	Jimmy lives in Egypt.	Jimmy is a scientist.
neutral	Carl lives in Portugal.	Carl is a firefighter.
neutral	Frank lives in Switzerland.	Frank is a secretary.
neutral	Walter lives in Libya.	Walter is an electrician.
neutral	Ralph lives in Iraq.	Ralph is a dentist.
neutral	Alison lives in Switzerland.	Alison is a cook.
neutral	Alex lives in United Kingdom.	Alex is a professor.
neutral	Frances lives in Ecuador.	Frances is a mechanic.
neutral	Ian lives in Fiji.	Ian is an aviator.
neutral	Julie lives in Uruguay.	Julie is a mechanic.
neutral	Simon lives in South Korea.	Simon is a nurse.
neutral	Martin lives in Azerbaijan.	Martin is a secretary.
neutral	Charlotte lives in Malaysia.	Charlotte is a professor.
neutral	Laura lives in Belgium.	Laura is a plumber.
neutral	Victoria lives in Italy.	Victoria is a professor.
neutral	Steven lives in Belarus.	Steven is a writer.
neutral	Lynn lives in Chile.	Lynn is a mechanic.
neutral	Alfred lives in Greece.	Alfred is a professor.
neutral	Roger lives in Hungary.	Roger is a cook.
neutral	Andrea lives in Indonesia.	Andrea is a dentist.
neutral	Charlie lives in Ghana.	Charlie is an economist.
neutral	Kate lives in Austria.	Kate is a journalist.
neutral	Patrick lives in Denmark.	Patrick is a cook.
neutral	Evelyn lives in Oman.	Evelyn is an economist.
neutral	Samuel lives in Singapore.	Samuel is a chef.
neutral	Stephanie lives in Afghanistan.	Stephanie is a judge.
neutral	Roger lives in Iraq.	Roger is a tailor.
neutral	Kelly lives in Brazil.	Kelly is a physician.
neutral	Eric lives in Iceland.	Eric is an electrician.
neutral	Sue lives in South Korea.	Sue is a dietitian.
neutral	Mary lives in Sweden.	Mary is a judge.
neutral	Christopher lives in Ghana.	Christopher is a farmer.
neutral	Diana lives in New Zealand.	Diana is a writer.
neutral	Kim lives in Japan.	Kim is a plumber.
neutral	Carolyn lives in Maldives.	Carolyn is a scientist.
neutral	Jennifer lives in China.	Jennifer is a teacher.
