entailment	William returned to Greece.	William has been to Greece before.
entailment	Eric returned to Pakistan.	Eric has been to Pakistan before.
entailment	Claire returned to Ghana.	Claire has been to Ghana before.
entailment	Laura returned to Austria.	Laura has been to Austria before.
entailment	Louise returned to New Zealand.	Louise has been to New Zealand before.
entailment	Mark returned to South Korea.	Mark has been to South Korea before.
entailment	Arthur returned to United States of America.	Arthur has been to United States of America before.
entailment	Anna returned to Malaysia.	Anna has been to Malaysia before.
entailment	Patrick returned to Oman.	Patrick has been to Oman before.
entailment	Ryan returned to Haiti.	Ryan has been to Haiti before.
entailment	Bruce returned to Brazil.	Bruce has been to Brazil before.
entailment	Alex returned to Iceland.	Alex has been to Iceland before.
entailment	Mary returned to Belgium.	Mary has been to Belgium before.
entailment	Lisa returned to United States of America.	Lisa has been to United States of America before.
entailment	Louise returned to Iceland.	Louise has been to Iceland before.
entailment	Lawrence returned to Argentina.	Lawrence has been to Argentina before.
entailment	Mary returned to Sweden.	Mary has been to Sweden before.
entailment	Sophie returned to Brazil.	Sophie has been to Brazil before.
entailment	Lisa returned to Haiti.	Lisa has been to Haiti before.
entailment	Linda returned to South Korea.	Linda has been to South Korea before.
entailment	Ruth returned to Uruguay.	Ruth has been to Uruguay before.
entailment	Claire returned to Haiti.	Claire has been to Haiti before.
entailment	Edwin returned to United Arab Emirates.	Edwin has been to United Arab Emirates before.
entailment	Matt returned to Thailand.	Matt has been to Thailand before.
entailment	Matt returned to Singapore.	Matt has been to Singapore before.
entailment	Hugh returned to Fiji.	Hugh has been to Fiji before.
entailment	Charlotte returned to Thailand.	Charlotte has been to Thailand before.
entailment	Edwin returned to Canada.	Edwin has been to Canada before.
entailment	Lucy returned to Netherlands.	Lucy has been to Netherlands before.
entailment	Ray returned to Japan.	Ray has been to Japan before.
entailment	Mary returned to United Kingdom.	Mary has been to United Kingdom before.
entailment	Kate returned to United States of America.	Kate has been to United States of America before.
entailment	Claire returned to Sweden.	Claire has been to Sweden before.
entailment	Ryan returned to France.	Ryan has been to France before.
entailment	Alexander returned to Afghanistan.	Alexander has been to Afghanistan before.
entailment	Kevin returned to United Arab Emirates.	Kevin has been to United Arab Emirates before.
entailment	Peter returned to Argentina.	Peter has been to Argentina before.
entailment	Ralph returned to Fiji.	Ralph has been to Fiji before.
entailment	Betty returned to United States of America.	Betty has been to United States of America before.
entailment	Rachel returned to Ecuador.	Rachel has been to Ecuador before.
entailment	Fiona returned to Saudi Arabia.	Fiona has been to Saudi Arabia before.
entailment	Carolyn returned to Laos.	Carolyn has been to Laos before.
entailment	Deborah returned to Ukraine.	Deborah has been to Ukraine before.
entailment	Bobby returned to Japan.	Bobby has been to Japan before.
entailment	Katie returned to Turkey.	Katie has been to Turkey before.
entailment	Mike returned to Poland.	Mike has been to Poland before.
entailment	Joan returned to Belarus.	Joan has been to Belarus before.
entailment	Sue returned to Netherlands.	Sue has been to Netherlands before.
entailment	Karen returned to Ecuador.	Karen has been to Ecuador before.
entailment	Arthur returned to Iceland.	Arthur has been to Iceland before.
entailment	Amy returned to Libya.	Amy has been to Libya before.
entailment	Ken returned to New Zealand.	Ken has been to New Zealand before.
entailment	Paul returned to Oman.	Paul has been to Oman before.
entailment	Walter returned to Portugal.	Walter has been to Portugal before.
entailment	Larry returned to United States of America.	Larry has been to United States of America before.
entailment	Donald returned to Hungary.	Donald has been to Hungary before.
entailment	Billy returned to Qatar.	Billy has been to Qatar before.
entailment	Matt returned to South Korea.	Matt has been to South Korea before.
entailment	Jeff returned to Laos.	Jeff has been to Laos before.
entailment	Kevin returned to Saudi Arabia.	Kevin has been to Saudi Arabia before.
entailment	Bobby returned to Maldives.	Bobby has been to Maldives before.
entailment	Sara returned to Iran.	Sara has been to Iran before.
entailment	Katherine returned to Hungary.	Katherine has been to Hungary before.
entailment	Victoria returned to Ecuador.	Victoria has been to Ecuador before.
entailment	Louise returned to United Arab Emirates.	Louise has been to United Arab Emirates before.
entailment	Mary returned to United Arab Emirates.	Mary has been to United Arab Emirates before.
entailment	Jack returned to Japan.	Jack has been to Japan before.
entailment	Betty returned to Oman.	Betty has been to Oman before.
entailment	Brian returned to Malaysia.	Brian has been to Malaysia before.
entailment	Robert returned to China.	Robert has been to China before.
entailment	Linda returned to Chile.	Linda has been to Chile before.
entailment	Emily returned to New Zealand.	Emily has been to New Zealand before.
entailment	Amanda returned to Finland.	Amanda has been to Finland before.
entailment	Susan returned to Saudi Arabia.	Susan has been to Saudi Arabia before.
entailment	Carol returned to Egypt.	Carol has been to Egypt before.
entailment	Julie returned to Portugal.	Julie has been to Portugal before.
entailment	Bobby returned to Japan.	Bobby has been to Japan before.
entailment	Katie returned to Libya.	Katie has been to Libya before.
entailment	Jill returned to China.	Jill has been to China before.
entailment	Wendy returned to Hungary.	Wendy has been to Hungary before.
entailment	Ben returned to Russia.	Ben has been to Russia before.
entailment	Dan returned to Israel.	Dan has been to Israel before.
entailment	Sara returned to Cuba.	Sara has been to Cuba before.
entailment	Fred returned to Denmark.	Fred has been to Denmark before.
entailment	Jimmy returned to Australia.	Jimmy has been to Australia before.
entailment	Carl returned to Ukraine.	Carl has been to Ukraine before.
entailment	Louis returned to Qatar.	Louis has been to Qatar before.
entailment	Stephanie returned to Cuba.	Stephanie has been to Cuba before.
entailment	Jennifer returned to Belgium.	Jennifer has been to Belgium before.
entailment	Chris returned to Netherlands.	Chris has been to Netherlands before.
entailment	Anthony returned to Brazil.	Anthony has been to Brazil before.
entailment	Martin returned to Uruguay.	Martin has been to Uruguay before.
entailment	Billy returned to Afghanistan.	Billy has been to Afghanistan before.
entailment	Martha returned to Ukraine.	Martha has been to Ukraine before.
entailment	Jim returned to Canada.	Jim has been to Canada before.
entailment	Deborah returned to Greece.	Deborah has been to Greece before.
entailment	Howard returned to Iraq.	Howard has been to Iraq before.
entailment	Anne returned to United States of America.	Anne has been to United States of America before.
entailment	Kate returned to Afghanistan.	Kate has been to Afghanistan before.
entailment	Helen returned to Germany.	Helen has been to Germany before.
entailment	George returned to Iraq.	George has been to Iraq before.
entailment	Stephen returned to Finland.	Stephen has been to Finland before.
entailment	Judy returned to Sweden.	Judy has been to Sweden before.
entailment	Thomas returned to Belgium.	Thomas has been to Belgium before.
entailment	Sharon returned to United Arab Emirates.	Sharon has been to United Arab Emirates before.
entailment	Kathryn returned to Bhutan.	Kathryn has been to Bhutan before.
entailment	Jay returned to Malaysia.	Jay has been to Malaysia before.
entailment	Victoria returned to Saudi Arabia.	Victoria has been to Saudi Arabia before.
entailment	Robin returned to Belgium.	Robin has been to Belgium before.
entailment	Andrew returned to Iceland.	Andrew has been to Iceland before.
entailment	David returned to Israel.	David has been to Israel before.
entailment	Anthony returned to Cuba.	Anthony has been to Cuba before.
entailment	Marie returned to Nepal.	Marie has been to Nepal before.
entailment	Benjamin returned to Thailand.	Benjamin has been to Thailand before.
entailment	Jean returned to Saudi Arabia.	Jean has been to Saudi Arabia before.
entailment	Daniel returned to Zimbabwe.	Daniel has been to Zimbabwe before.
entailment	Frank returned to Laos.	Frank has been to Laos before.
entailment	Billy returned to Maldives.	Billy has been to Maldives before.
entailment	Jean returned to Vietnam.	Jean has been to Vietnam before.
entailment	Jessica returned to Oman.	Jessica has been to Oman before.
entailment	Alexandra returned to Italy.	Alexandra has been to Italy before.
entailment	Julie returned to North Korea.	Julie has been to North Korea before.
entailment	Margaret returned to Laos.	Margaret has been to Laos before.
entailment	Jay returned to South Korea.	Jay has been to South Korea before.
entailment	Amy returned to Hungary.	Amy has been to Hungary before.
entailment	Jane returned to Hungary.	Jane has been to Hungary before.
entailment	Anna returned to Denmark.	Anna has been to Denmark before.
entailment	Michael returned to South Korea.	Michael has been to South Korea before.
entailment	Kelly returned to Georgia.	Kelly has been to Georgia before.
entailment	Harriet returned to Indonesia.	Harriet has been to Indonesia before.
entailment	Wendy returned to Turkey.	Wendy has been to Turkey before.
entailment	Harry returned to Indonesia.	Harry has been to Indonesia before.
entailment	Peter returned to Indonesia.	Peter has been to Indonesia before.
entailment	Fred returned to Austria.	Fred has been to Austria before.
entailment	Joseph returned to Australia.	Joseph has been to Australia before.
entailment	Kenneth returned to Iraq.	Kenneth has been to Iraq before.
entailment	Michael returned to Germany.	Michael has been to Germany before.
entailment	Leslie returned to Ireland.	Leslie has been to Ireland before.
entailment	Harold returned to Canada.	Harold has been to Canada before.
entailment	Pamela returned to Pakistan.	Pamela has been to Pakistan before.
entailment	Marilyn returned to Iran.	Marilyn has been to Iran before.
entailment	James returned to Iceland.	James has been to Iceland before.
entailment	Elizabeth returned to Russia.	Elizabeth has been to Russia before.
entailment	Patricia returned to Cuba.	Patricia has been to Cuba before.
entailment	Peter returned to Ecuador.	Peter has been to Ecuador before.
entailment	Walter returned to Turkey.	Walter has been to Turkey before.
entailment	Robert returned to Ukraine.	Robert has been to Ukraine before.
entailment	Marie returned to Iraq.	Marie has been to Iraq before.
entailment	Alfred returned to Afghanistan.	Alfred has been to Afghanistan before.
entailment	John returned to Canada.	John has been to Canada before.
entailment	Robert returned to Laos.	Robert has been to Laos before.
entailment	Nicole returned to Australia.	Nicole has been to Australia before.
entailment	Thomas returned to France.	Thomas has been to France before.
entailment	Wendy returned to Brazil.	Wendy has been to Brazil before.
entailment	Janet returned to Italy.	Janet has been to Italy before.
entailment	Deborah returned to Fiji.	Deborah has been to Fiji before.
entailment	Donna returned to United Kingdom.	Donna has been to United Kingdom before.
entailment	Dick returned to Nepal.	Dick has been to Nepal before.
entailment	Louis returned to Israel.	Louis has been to Israel before.
entailment	Michael returned to Afghanistan.	Michael has been to Afghanistan before.
entailment	Chris returned to Ireland.	Chris has been to Ireland before.
entailment	Marie returned to Russia.	Marie has been to Russia before.
entailment	Michelle returned to Fiji.	Michelle has been to Fiji before.
entailment	Joan returned to Sweden.	Joan has been to Sweden before.
entailment	Jessica returned to Maldives.	Jessica has been to Maldives before.
entailment	John returned to North Korea.	John has been to North Korea before.
entailment	Francis returned to Libya.	Francis has been to Libya before.
entailment	Louis returned to Austria.	Louis has been to Austria before.
entailment	Emma returned to Canada.	Emma has been to Canada before.
entailment	Ray returned to Maldives.	Ray has been to Maldives before.
entailment	Jeff returned to New Zealand.	Jeff has been to New Zealand before.
entailment	Leslie returned to Argentina.	Leslie has been to Argentina before.
entailment	Steven returned to Cuba.	Steven has been to Cuba before.
entailment	Bill returned to Portugal.	Bill has been to Portugal before.
entailment	Johnny returned to United States of America.	Johnny has been to United States of America before.
entailment	Rebecca returned to Ghana.	Rebecca has been to Ghana before.
entailment	Marilyn returned to Bhutan.	Marilyn has been to Bhutan before.
entailment	Chris returned to New Zealand.	Chris has been to New Zealand before.
entailment	Eleanor returned to Taiwan.	Eleanor has been to Taiwan before.
entailment	Evelyn returned to Zimbabwe.	Evelyn has been to Zimbabwe before.
entailment	Louis returned to Argentina.	Louis has been to Argentina before.
entailment	Albert returned to Maldives.	Albert has been to Maldives before.
entailment	Eric returned to Maldives.	Eric has been to Maldives before.
entailment	Al returned to Israel.	Al has been to Israel before.
entailment	Patricia returned to Brazil.	Patricia has been to Brazil before.
entailment	James returned to Austria.	James has been to Austria before.
entailment	Arthur returned to Afghanistan.	Arthur has been to Afghanistan before.
entailment	Wendy returned to Ghana.	Wendy has been to Ghana before.
entailment	Albert returned to Indonesia.	Albert has been to Indonesia before.
entailment	Matt returned to Taiwan.	Matt has been to Taiwan before.
entailment	Florence returned to Egypt.	Florence has been to Egypt before.
entailment	Florence returned to Canada.	Florence has been to Canada before.
entailment	Amy returned to Azerbaijan.	Amy has been to Azerbaijan before.
entailment	Michelle returned to Australia.	Michelle has been to Australia before.
entailment	Christine returned to Colombia.	Christine has been to Colombia before.
entailment	Kenneth returned to Maldives.	Kenneth has been to Maldives before.
entailment	Nicole returned to New Zealand.	Nicole has been to New Zealand before.
entailment	Tony returned to Cuba.	Tony has been to Cuba before.
entailment	Harry returned to Uruguay.	Harry has been to Uruguay before.
entailment	Sharon returned to Sweden.	Sharon has been to Sweden before.
entailment	Philip returned to Ukraine.	Philip has been to Ukraine before.
entailment	Mary returned to Greece.	Mary has been to Greece before.
entailment	Anna returned to Haiti.	Anna has been to Haiti before.
entailment	Angela returned to Iran.	Angela has been to Iran before.
entailment	Heather returned to Fiji.	Heather has been to Fiji before.
entailment	Julia returned to Iraq.	Julia has been to Iraq before.
entailment	Harry returned to Netherlands.	Harry has been to Netherlands before.
entailment	Jane returned to Indonesia.	Jane has been to Indonesia before.
entailment	Brian returned to Sweden.	Brian has been to Sweden before.
entailment	Hugh returned to Iraq.	Hugh has been to Iraq before.
entailment	Carolyn returned to Italy.	Carolyn has been to Italy before.
entailment	Ken returned to Ecuador.	Ken has been to Ecuador before.
entailment	Jimmy returned to Poland.	Jimmy has been to Poland before.
entailment	Henry returned to United Arab Emirates.	Henry has been to United Arab Emirates before.
entailment	Bob returned to Russia.	Bob has been to Russia before.
entailment	Cynthia returned to Indonesia.	Cynthia has been to Indonesia before.
entailment	Brian returned to United Kingdom.	Brian has been to United Kingdom before.
entailment	Donald returned to Iraq.	Donald has been to Iraq before.
entailment	Susan returned to Malaysia.	Susan has been to Malaysia before.
entailment	Ed returned to Russia.	Ed has been to Russia before.
entailment	Ruth returned to Egypt.	Ruth has been to Egypt before.
entailment	Christine returned to Poland.	Christine has been to Poland before.
entailment	Ann returned to Taiwan.	Ann has been to Taiwan before.
entailment	Cynthia returned to Italy.	Cynthia has been to Italy before.
entailment	Grace returned to Russia.	Grace has been to Russia before.
entailment	Kathryn returned to Mexico.	Kathryn has been to Mexico before.
entailment	Harry returned to Canada.	Harry has been to Canada before.
entailment	Alexandra returned to United Kingdom.	Alexandra has been to United Kingdom before.
entailment	Harold returned to Malaysia.	Harold has been to Malaysia before.
entailment	John returned to Finland.	John has been to Finland before.
entailment	Jane returned to Iraq.	Jane has been to Iraq before.
entailment	Louis returned to Belgium.	Louis has been to Belgium before.
entailment	Jimmy returned to Singapore.	Jimmy has been to Singapore before.
entailment	Ashley returned to Georgia.	Ashley has been to Georgia before.
entailment	Bruce returned to United Kingdom.	Bruce has been to United Kingdom before.
entailment	Gary returned to India.	Gary has been to India before.
entailment	Bruce returned to Uruguay.	Bruce has been to Uruguay before.
entailment	Andrea returned to Oman.	Andrea has been to Oman before.
entailment	Leslie returned to Finland.	Leslie has been to Finland before.
entailment	Ann returned to Saudi Arabia.	Ann has been to Saudi Arabia before.
entailment	Cynthia returned to Greece.	Cynthia has been to Greece before.
entailment	Jennifer returned to Iran.	Jennifer has been to Iran before.
entailment	Alex returned to China.	Alex has been to China before.
entailment	Michelle returned to Azerbaijan.	Michelle has been to Azerbaijan before.
entailment	Heather returned to Indonesia.	Heather has been to Indonesia before.
entailment	Louis returned to Netherlands.	Louis has been to Netherlands before.
entailment	Dave returned to Bhutan.	Dave has been to Bhutan before.
entailment	Patrick returned to Sweden.	Patrick has been to Sweden before.
entailment	John returned to Taiwan.	John has been to Taiwan before.
entailment	Barbara returned to South Korea.	Barbara has been to South Korea before.
entailment	Sharon returned to Italy.	Sharon has been to Italy before.
entailment	Edward returned to Egypt.	Edward has been to Egypt before.
entailment	Deborah returned to Italy.	Deborah has been to Italy before.
entailment	Carl returned to India.	Carl has been to India before.
entailment	Nicole returned to Germany.	Nicole has been to Germany before.
entailment	Katherine returned to Chile.	Katherine has been to Chile before.
entailment	Simon returned to South Korea.	Simon has been to South Korea before.
entailment	Anthony returned to Hungary.	Anthony has been to Hungary before.
entailment	Jason returned to Mexico.	Jason has been to Mexico before.
entailment	Peter returned to Bangladesh.	Peter has been to Bangladesh before.
entailment	Harry returned to Italy.	Harry has been to Italy before.
entailment	Walter returned to Laos.	Walter has been to Laos before.
entailment	Ken returned to Ukraine.	Ken has been to Ukraine before.
entailment	Marilyn returned to Malaysia.	Marilyn has been to Malaysia before.
entailment	Caroline returned to Turkey.	Caroline has been to Turkey before.
entailment	Colin returned to Haiti.	Colin has been to Haiti before.
entailment	Ellen returned to Chile.	Ellen has been to Chile before.
entailment	Adam returned to Nepal.	Adam has been to Nepal before.
entailment	Jimmy returned to Indonesia.	Jimmy has been to Indonesia before.
entailment	Michael returned to Russia.	Michael has been to Russia before.
entailment	Rose returned to Italy.	Rose has been to Italy before.
entailment	Daniel returned to Belarus.	Daniel has been to Belarus before.
entailment	Jerry returned to Sweden.	Jerry has been to Sweden before.
entailment	Ron returned to Belarus.	Ron has been to Belarus before.
entailment	Ray returned to Canada.	Ray has been to Canada before.
entailment	Jack returned to North Korea.	Jack has been to North Korea before.
entailment	Charlotte returned to China.	Charlotte has been to China before.
entailment	Fiona returned to Georgia.	Fiona has been to Georgia before.
entailment	Jennifer returned to Ireland.	Jennifer has been to Ireland before.
entailment	Joan returned to Georgia.	Joan has been to Georgia before.
entailment	Lawrence returned to Netherlands.	Lawrence has been to Netherlands before.
entailment	Francis returned to United States of America.	Francis has been to United States of America before.
entailment	Bruce returned to Belgium.	Bruce has been to Belgium before.
entailment	Betty returned to Libya.	Betty has been to Libya before.
entailment	Bob returned to Bhutan.	Bob has been to Bhutan before.
entailment	Nick returned to North Korea.	Nick has been to North Korea before.
entailment	Louis returned to Switzerland.	Louis has been to Switzerland before.
entailment	Colin returned to United Arab Emirates.	Colin has been to United Arab Emirates before.
entailment	Jessica returned to Ecuador.	Jessica has been to Ecuador before.
entailment	Harry returned to Chile.	Harry has been to Chile before.
entailment	Victoria returned to Laos.	Victoria has been to Laos before.
entailment	Donna returned to Japan.	Donna has been to Japan before.
entailment	Victoria returned to Haiti.	Victoria has been to Haiti before.
entailment	Alex returned to United States of America.	Alex has been to United States of America before.
entailment	Janet returned to Australia.	Janet has been to Australia before.
entailment	Andrea returned to Hungary.	Andrea has been to Hungary before.
entailment	Mike returned to Iran.	Mike has been to Iran before.
entailment	Walter returned to Qatar.	Walter has been to Qatar before.
entailment	Sally returned to Malaysia.	Sally has been to Malaysia before.
entailment	Samuel returned to Iceland.	Samuel has been to Iceland before.
entailment	Anthony returned to Austria.	Anthony has been to Austria before.
entailment	Dave returned to Chile.	Dave has been to Chile before.
entailment	Lauren returned to Nepal.	Lauren has been to Nepal before.
entailment	Sam returned to Belarus.	Sam has been to Belarus before.
entailment	Alan returned to Belarus.	Alan has been to Belarus before.
entailment	Frank returned to Mexico.	Frank has been to Mexico before.
entailment	Jerry returned to Maldives.	Jerry has been to Maldives before.
entailment	Patricia returned to Singapore.	Patricia has been to Singapore before.
entailment	Heather returned to Azerbaijan.	Heather has been to Azerbaijan before.
entailment	Grace returned to Egypt.	Grace has been to Egypt before.
entailment	Bobby returned to Russia.	Bobby has been to Russia before.
entailment	Diane returned to Pakistan.	Diane has been to Pakistan before.
entailment	Dorothy returned to United States of America.	Dorothy has been to United States of America before.
entailment	Mike returned to Azerbaijan.	Mike has been to Azerbaijan before.
entailment	Andrea returned to Egypt.	Andrea has been to Egypt before.
entailment	Jim returned to Austria.	Jim has been to Austria before.
entailment	Anna returned to Mexico.	Anna has been to Mexico before.
entailment	David returned to Azerbaijan.	David has been to Azerbaijan before.
entailment	Ed returned to Azerbaijan.	Ed has been to Azerbaijan before.
entailment	Fred returned to Austria.	Fred has been to Austria before.
entailment	Julie returned to Ecuador.	Julie has been to Ecuador before.
entailment	Matt returned to Singapore.	Matt has been to Singapore before.
entailment	Donna returned to Belgium.	Donna has been to Belgium before.
entailment	Amy returned to Taiwan.	Amy has been to Taiwan before.
entailment	Colin returned to Austria.	Colin has been to Austria before.
entailment	Julie returned to Bhutan.	Julie has been to Bhutan before.
entailment	Louise returned to Mexico.	Louise has been to Mexico before.
entailment	Emma returned to Netherlands.	Emma has been to Netherlands before.
entailment	Louise returned to Italy.	Louise has been to Italy before.
entailment	Arthur returned to Oman.	Arthur has been to Oman before.
entailment	Alan returned to Poland.	Alan has been to Poland before.
entailment	Katherine returned to Iran.	Katherine has been to Iran before.
entailment	Samuel returned to Singapore.	Samuel has been to Singapore before.
entailment	Lauren returned to Laos.	Lauren has been to Laos before.
entailment	Heather returned to Netherlands.	Heather has been to Netherlands before.
entailment	Sharon returned to Ukraine.	Sharon has been to Ukraine before.
entailment	Kate returned to United Kingdom.	Kate has been to United Kingdom before.
entailment	Alison returned to Mexico.	Alison has been to Mexico before.
entailment	Jean returned to Maldives.	Jean has been to Maldives before.
entailment	Gary returned to Ukraine.	Gary has been to Ukraine before.
entailment	Pamela returned to Netherlands.	Pamela has been to Netherlands before.
entailment	Stephanie returned to Cuba.	Stephanie has been to Cuba before.
entailment	Kevin returned to Chile.	Kevin has been to Chile before.
entailment	Kim returned to Ecuador.	Kim has been to Ecuador before.
entailment	Harold returned to Sweden.	Harold has been to Sweden before.
entailment	Steven returned to Taiwan.	Steven has been to Taiwan before.
entailment	Sara returned to Poland.	Sara has been to Poland before.
entailment	Steven returned to Azerbaijan.	Steven has been to Azerbaijan before.
entailment	Frances returned to Malaysia.	Frances has been to Malaysia before.
entailment	Betty returned to Mexico.	Betty has been to Mexico before.
entailment	Sarah returned to Zimbabwe.	Sarah has been to Zimbabwe before.
entailment	Dorothy returned to North Korea.	Dorothy has been to North Korea before.
entailment	Jennifer returned to Belarus.	Jennifer has been to Belarus before.
entailment	Henry returned to Portugal.	Henry has been to Portugal before.
entailment	Kathryn returned to Italy.	Kathryn has been to Italy before.
entailment	Sandra returned to Netherlands.	Sandra has been to Netherlands before.
entailment	Fred returned to Iraq.	Fred has been to Iraq before.
entailment	Lucy returned to Denmark.	Lucy has been to Denmark before.
entailment	Kathy returned to Taiwan.	Kathy has been to Taiwan before.
entailment	Francis returned to United Arab Emirates.	Francis has been to United Arab Emirates before.
entailment	Edith returned to Indonesia.	Edith has been to Indonesia before.
entailment	Tom returned to Italy.	Tom has been to Italy before.
entailment	Margaret returned to Portugal.	Margaret has been to Portugal before.
entailment	Robert returned to Egypt.	Robert has been to Egypt before.
entailment	Daniel returned to Indonesia.	Daniel has been to Indonesia before.
entailment	Grace returned to Belgium.	Grace has been to Belgium before.
entailment	Simon returned to Uruguay.	Simon has been to Uruguay before.
entailment	Alison returned to Georgia.	Alison has been to Georgia before.
entailment	Carolyn returned to Zimbabwe.	Carolyn has been to Zimbabwe before.
entailment	Carl returned to Oman.	Carl has been to Oman before.
entailment	Alexander returned to Iraq.	Alexander has been to Iraq before.
entailment	Alfred returned to Ecuador.	Alfred has been to Ecuador before.
entailment	Victoria returned to Ireland.	Victoria has been to Ireland before.
entailment	Judith returned to Georgia.	Judith has been to Georgia before.
entailment	Edwin returned to Vietnam.	Edwin has been to Vietnam before.
entailment	Mike returned to Philippines.	Mike has been to Philippines before.
entailment	Harriet returned to Mexico.	Harriet has been to Mexico before.
entailment	Walter returned to Laos.	Walter has been to Laos before.
entailment	Mike returned to Bhutan.	Mike has been to Bhutan before.
entailment	Ron returned to Netherlands.	Ron has been to Netherlands before.
entailment	Anna returned to Mexico.	Anna has been to Mexico before.
entailment	Nicole returned to Austria.	Nicole has been to Austria before.
entailment	Charles returned to Qatar.	Charles has been to Qatar before.
entailment	Jim returned to Zimbabwe.	Jim has been to Zimbabwe before.
entailment	Elaine returned to Taiwan.	Elaine has been to Taiwan before.
entailment	Kenneth returned to North Korea.	Kenneth has been to North Korea before.
entailment	Billy returned to United Arab Emirates.	Billy has been to United Arab Emirates before.
entailment	Ann returned to Iceland.	Ann has been to Iceland before.
entailment	Martin returned to Ireland.	Martin has been to Ireland before.
entailment	Judith returned to Colombia.	Judith has been to Colombia before.
entailment	Edith returned to Australia.	Edith has been to Australia before.
entailment	Linda returned to Georgia.	Linda has been to Georgia before.
entailment	Walter returned to Brazil.	Walter has been to Brazil before.
entailment	Michelle returned to Belarus.	Michelle has been to Belarus before.
entailment	Ian returned to Ecuador.	Ian has been to Ecuador before.
entailment	Claire returned to Bhutan.	Claire has been to Bhutan before.
entailment	Caroline returned to Iraq.	Caroline has been to Iraq before.
entailment	Matt returned to United Kingdom.	Matt has been to United Kingdom before.
entailment	Jessica returned to Fiji.	Jessica has been to Fiji before.
entailment	Jack returned to Saudi Arabia.	Jack has been to Saudi Arabia before.
entailment	Don returned to Greece.	Don has been to Greece before.
entailment	Charlotte returned to Turkey.	Charlotte has been to Turkey before.
entailment	Grace returned to Uruguay.	Grace has been to Uruguay before.
entailment	Heather returned to Iran.	Heather has been to Iran before.
entailment	Laura returned to Georgia.	Laura has been to Georgia before.
entailment	Robert returned to Fiji.	Robert has been to Fiji before.
entailment	Charlie returned to Taiwan.	Charlie has been to Taiwan before.
entailment	Kenneth returned to Portugal.	Kenneth has been to Portugal before.
entailment	Judith returned to South Korea.	Judith has been to South Korea before.
entailment	James returned to Brazil.	James has been to Brazil before.
entailment	Pamela returned to Mexico.	Pamela has been to Mexico before.
entailment	John returned to Denmark.	John has been to Denmark before.
entailment	Joe returned to Ghana.	Joe has been to Ghana before.
entailment	Fiona returned to Russia.	Fiona has been to Russia before.
entailment	Kenneth returned to Chile.	Kenneth has been to Chile before.
entailment	Ian returned to Cuba.	Ian has been to Cuba before.
entailment	George returned to Nepal.	George has been to Nepal before.
entailment	Florence returned to Haiti.	Florence has been to Haiti before.
entailment	Judy returned to Germany.	Judy has been to Germany before.
entailment	Stephen returned to United Arab Emirates.	Stephen has been to United Arab Emirates before.
entailment	Mary returned to Ireland.	Mary has been to Ireland before.
entailment	Ryan returned to Malaysia.	Ryan has been to Malaysia before.
entailment	Martin returned to Azerbaijan.	Martin has been to Azerbaijan before.
entailment	Jack returned to Mexico.	Jack has been to Mexico before.
entailment	Eleanor returned to Sweden.	Eleanor has been to Sweden before.
entailment	Tom returned to Poland.	Tom has been to Poland before.
entailment	Tim returned to Denmark.	Tim has been to Denmark before.
entailment	Robin returned to North Korea.	Robin has been to North Korea before.
entailment	Carol returned to Ireland.	Carol has been to Ireland before.
entailment	Dave returned to Nepal.	Dave has been to Nepal before.
entailment	Emma returned to Laos.	Emma has been to Laos before.
entailment	Julia returned to United Arab Emirates.	Julia has been to United Arab Emirates before.
entailment	Kathy returned to Indonesia.	Kathy has been to Indonesia before.
entailment	Anne returned to Georgia.	Anne has been to Georgia before.
entailment	Jane returned to Uruguay.	Jane has been to Uruguay before.
entailment	Marie returned to China.	Marie has been to China before.
entailment	Mike returned to France.	Mike has been to France before.
entailment	Roger returned to Nepal.	Roger has been to Nepal before.
entailment	Ellen returned to Fiji.	Ellen has been to Fiji before.
entailment	Stephanie returned to Uruguay.	Stephanie has been to Uruguay before.
entailment	Roy returned to Oman.	Roy has been to Oman before.
entailment	Benjamin returned to Georgia.	Benjamin has been to Georgia before.
entailment	Sophie returned to Poland.	Sophie has been to Poland before.
entailment	Janet returned to Sweden.	Janet has been to Sweden before.
entailment	Samuel returned to Hungary.	Samuel has been to Hungary before.
entailment	Ann returned to Taiwan.	Ann has been to Taiwan before.
entailment	Mark returned to Thailand.	Mark has been to Thailand before.
entailment	Kevin returned to Argentina.	Kevin has been to Argentina before.
entailment	Jessica returned to Libya.	Jessica has been to Libya before.
entailment	Caroline returned to Israel.	Caroline has been to Israel before.
entailment	Melissa returned to Malaysia.	Melissa has been to Malaysia before.
entailment	Louise returned to Turkey.	Louise has been to Turkey before.
entailment	Sara returned to Azerbaijan.	Sara has been to Azerbaijan before.
entailment	Sue returned to Libya.	Sue has been to Libya before.
entailment	Robin returned to Hungary.	Robin has been to Hungary before.
entailment	Al returned to Japan.	Al has been to Japan before.
entailment	Fred returned to Israel.	Fred has been to Israel before.
entailment	Karen returned to Chile.	Karen has been to Chile before.
entailment	Keith returned to Uruguay.	Keith has been to Uruguay before.
entailment	Kevin returned to Bhutan.	Kevin has been to Bhutan before.
entailment	Caroline returned to Iceland.	Caroline has been to Iceland before.
entailment	Ron returned to Bangladesh.	Ron has been to Bangladesh before.
entailment	Jason returned to Ghana.	Jason has been to Ghana before.
entailment	Dave returned to Thailand.	Dave has been to Thailand before.
entailment	Judy returned to Switzerland.	Judy has been to Switzerland before.
entailment	Mary returned to Afghanistan.	Mary has been to Afghanistan before.
entailment	Roger returned to Iceland.	Roger has been to Iceland before.
entailment	Carol returned to Japan.	Carol has been to Japan before.
entailment	Ron returned to Ghana.	Ron has been to Ghana before.
entailment	Katie returned to Ghana.	Katie has been to Ghana before.
entailment	Howard returned to Australia.	Howard has been to Australia before.
entailment	Frederick returned to India.	Frederick has been to India before.
entailment	Jane returned to China.	Jane has been to China before.
entailment	Claire returned to Cuba.	Claire has been to Cuba before.
entailment	William returned to Afghanistan.	William has been to Afghanistan before.
entailment	Ben returned to China.	Ben has been to China before.
entailment	Steve returned to Argentina.	Steve has been to Argentina before.
entailment	Edwin returned to Germany.	Edwin has been to Germany before.
entailment	Fiona returned to Greece.	Fiona has been to Greece before.
entailment	Peter returned to Canada.	Peter has been to Canada before.
entailment	Andrea returned to Nepal.	Andrea has been to Nepal before.
entailment	Susan returned to Argentina.	Susan has been to Argentina before.
entailment	Kathryn returned to Austria.	Kathryn has been to Austria before.
entailment	Scott returned to Germany.	Scott has been to Germany before.
entailment	Ed returned to France.	Ed has been to France before.
entailment	Barbara returned to Poland.	Barbara has been to Poland before.
entailment	Kathryn returned to Ecuador.	Kathryn has been to Ecuador before.
entailment	Sam returned to Iceland.	Sam has been to Iceland before.
entailment	Larry returned to Israel.	Larry has been to Israel before.
entailment	Lucy returned to Fiji.	Lucy has been to Fiji before.
entailment	Richard returned to Singapore.	Richard has been to Singapore before.
entailment	Katie returned to Hungary.	Katie has been to Hungary before.
entailment	Nicole returned to Colombia.	Nicole has been to Colombia before.
entailment	Leslie returned to Indonesia.	Leslie has been to Indonesia before.
entailment	Stephen returned to Italy.	Stephen has been to Italy before.
entailment	Rose returned to Ecuador.	Rose has been to Ecuador before.
entailment	Al returned to Denmark.	Al has been to Denmark before.
entailment	Walter returned to Vietnam.	Walter has been to Vietnam before.
entailment	Kathleen returned to Belarus.	Kathleen has been to Belarus before.
entailment	Ed returned to France.	Ed has been to France before.
entailment	Pamela returned to Brazil.	Pamela has been to Brazil before.
entailment	Anne returned to Mexico.	Anne has been to Mexico before.
entailment	Kathy returned to Maldives.	Kathy has been to Maldives before.
entailment	Wendy returned to Pakistan.	Wendy has been to Pakistan before.
entailment	Donna returned to Vietnam.	Donna has been to Vietnam before.
entailment	Martha returned to Australia.	Martha has been to Australia before.
entailment	Richard returned to Russia.	Richard has been to Russia before.
entailment	Edwin returned to Turkey.	Edwin has been to Turkey before.
entailment	Katie returned to United Kingdom.	Katie has been to United Kingdom before.
entailment	Jim returned to Libya.	Jim has been to Libya before.
entailment	Anne returned to Haiti.	Anne has been to Haiti before.
entailment	Roger returned to Ireland.	Roger has been to Ireland before.
entailment	Larry returned to Colombia.	Larry has been to Colombia before.
entailment	Emma returned to China.	Emma has been to China before.
entailment	Chris returned to Canada.	Chris has been to Canada before.
entailment	Rebecca returned to Chile.	Rebecca has been to Chile before.
entailment	Suzanne returned to Chile.	Suzanne has been to Chile before.
entailment	Christopher returned to Netherlands.	Christopher has been to Netherlands before.
entailment	Paul returned to Germany.	Paul has been to Germany before.
entailment	Gary returned to Italy.	Gary has been to Italy before.
entailment	Al returned to Malaysia.	Al has been to Malaysia before.
entailment	Samuel returned to Sweden.	Samuel has been to Sweden before.
entailment	Jack returned to Saudi Arabia.	Jack has been to Saudi Arabia before.
entailment	Stephanie returned to South Korea.	Stephanie has been to South Korea before.
entailment	Kevin returned to Poland.	Kevin has been to Poland before.
entailment	John returned to Finland.	John has been to Finland before.
entailment	Colin returned to Belgium.	Colin has been to Belgium before.
entailment	Matthew returned to Nepal.	Matthew has been to Nepal before.
entailment	Ruth returned to Denmark.	Ruth has been to Denmark before.
entailment	Scott returned to South Korea.	Scott has been to South Korea before.
entailment	Deborah returned to Poland.	Deborah has been to Poland before.
entailment	Ruth returned to Uruguay.	Ruth has been to Uruguay before.
entailment	Jonathan returned to Pakistan.	Jonathan has been to Pakistan before.
entailment	Sue returned to Sweden.	Sue has been to Sweden before.
entailment	Colin returned to Austria.	Colin has been to Austria before.
entailment	Alexander returned to Japan.	Alexander has been to Japan before.
entailment	Lisa returned to Australia.	Lisa has been to Australia before.
entailment	Fred returned to Italy.	Fred has been to Italy before.
entailment	Matthew returned to United Kingdom.	Matthew has been to United Kingdom before.
entailment	Leslie returned to Australia.	Leslie has been to Australia before.
entailment	William returned to Hungary.	William has been to Hungary before.
entailment	Ruth returned to Egypt.	Ruth has been to Egypt before.
entailment	Ron returned to Libya.	Ron has been to Libya before.
entailment	Heather returned to Italy.	Heather has been to Italy before.
entailment	Harriet returned to Sweden.	Harriet has been to Sweden before.
entailment	Kate returned to Vietnam.	Kate has been to Vietnam before.
entailment	Simon returned to Oman.	Simon has been to Oman before.
entailment	Martin returned to Zimbabwe.	Martin has been to Zimbabwe before.
entailment	Suzanne returned to Bhutan.	Suzanne has been to Bhutan before.
entailment	Jimmy returned to Egypt.	Jimmy has been to Egypt before.
entailment	Julie returned to Singapore.	Julie has been to Singapore before.
entailment	Fred returned to France.	Fred has been to France before.
entailment	Melissa returned to Germany.	Melissa has been to Germany before.
entailment	Howard returned to Belarus.	Howard has been to Belarus before.
entailment	Jean returned to Oman.	Jean has been to Oman before.
entailment	Harriet returned to Germany.	Harriet has been to Germany before.
entailment	Matt returned to Iraq.	Matt has been to Iraq before.
entailment	Daniel returned to Belgium.	Daniel has been to Belgium before.
entailment	Alexander returned to South Korea.	Alexander has been to South Korea before.
entailment	Albert returned to Austria.	Albert has been to Austria before.
entailment	Andrew returned to Finland.	Andrew has been to Finland before.
entailment	Catherine returned to United Kingdom.	Catherine has been to United Kingdom before.
entailment	Jane returned to Denmark.	Jane has been to Denmark before.
entailment	Ryan returned to Colombia.	Ryan has been to Colombia before.
entailment	Deborah returned to Singapore.	Deborah has been to Singapore before.
entailment	Mark returned to Japan.	Mark has been to Japan before.
entailment	Nick returned to Denmark.	Nick has been to Denmark before.
entailment	Carl returned to Sweden.	Carl has been to Sweden before.
entailment	Henry returned to South Korea.	Henry has been to South Korea before.
entailment	Sophie returned to Singapore.	Sophie has been to Singapore before.
entailment	Marie returned to Colombia.	Marie has been to Colombia before.
entailment	William returned to Greece.	William has been to Greece before.
entailment	Lucy returned to Malaysia.	Lucy has been to Malaysia before.
entailment	Jane returned to Thailand.	Jane has been to Thailand before.
entailment	Alexander returned to United States of America.	Alexander has been to United States of America before.
entailment	Brian returned to Zimbabwe.	Brian has been to Zimbabwe before.
entailment	Robin returned to Oman.	Robin has been to Oman before.
entailment	Dave returned to Thailand.	Dave has been to Thailand before.
entailment	Jill returned to Israel.	Jill has been to Israel before.
entailment	Steven returned to Japan.	Steven has been to Japan before.
entailment	Andrew returned to North Korea.	Andrew has been to North Korea before.
entailment	Kathryn returned to United Arab Emirates.	Kathryn has been to United Arab Emirates before.
entailment	Scott returned to India.	Scott has been to India before.
entailment	Jill returned to Greece.	Jill has been to Greece before.
entailment	Ann returned to Ukraine.	Ann has been to Ukraine before.
entailment	Anthony returned to Canada.	Anthony has been to Canada before.
entailment	Eric returned to Ecuador.	Eric has been to Ecuador before.
entailment	Leslie returned to Mexico.	Leslie has been to Mexico before.
entailment	Judy returned to Switzerland.	Judy has been to Switzerland before.
entailment	Harold returned to Denmark.	Harold has been to Denmark before.
entailment	Amy returned to United States of America.	Amy has been to United States of America before.
entailment	Mary returned to Philippines.	Mary has been to Philippines before.
entailment	Dan returned to Haiti.	Dan has been to Haiti before.
entailment	Dorothy returned to Germany.	Dorothy has been to Germany before.
entailment	Donald returned to Argentina.	Donald has been to Argentina before.
entailment	Jill returned to Libya.	Jill has been to Libya before.
entailment	Ann returned to Turkey.	Ann has been to Turkey before.
entailment	Ian returned to Canada.	Ian has been to Canada before.
entailment	Nick returned to Cuba.	Nick has been to Cuba before.
entailment	Andrew returned to Libya.	Andrew has been to Libya before.
entailment	Joe returned to Azerbaijan.	Joe has been to Azerbaijan before.
entailment	Ron returned to China.	Ron has been to China before.
entailment	Evelyn returned to Saudi Arabia.	Evelyn has been to Saudi Arabia before.
entailment	Marie returned to Singapore.	Marie has been to Singapore before.
entailment	Victoria returned to Belgium.	Victoria has been to Belgium before.
entailment	Margaret returned to Egypt.	Margaret has been to Egypt before.
entailment	Diana returned to Bangladesh.	Diana has been to Bangladesh before.
entailment	Margaret returned to Poland.	Margaret has been to Poland before.
entailment	Grace returned to Brazil.	Grace has been to Brazil before.
entailment	Joan returned to Taiwan.	Joan has been to Taiwan before.
entailment	Anne returned to Poland.	Anne has been to Poland before.
entailment	Mike returned to Canada.	Mike has been to Canada before.
entailment	Sandra returned to Taiwan.	Sandra has been to Taiwan before.
entailment	Catherine returned to Finland.	Catherine has been to Finland before.
entailment	Sandra returned to Iran.	Sandra has been to Iran before.
entailment	Judy returned to Taiwan.	Judy has been to Taiwan before.
entailment	Don returned to Mexico.	Don has been to Mexico before.
entailment	Steve returned to Vietnam.	Steve has been to Vietnam before.
entailment	Greg returned to Malaysia.	Greg has been to Malaysia before.
entailment	Nick returned to Ukraine.	Nick has been to Ukraine before.
entailment	Marie returned to Finland.	Marie has been to Finland before.
entailment	Cynthia returned to Australia.	Cynthia has been to Australia before.
entailment	Matthew returned to China.	Matthew has been to China before.
entailment	Daniel returned to France.	Daniel has been to France before.
entailment	Ray returned to Maldives.	Ray has been to Maldives before.
entailment	Arthur returned to Hungary.	Arthur has been to Hungary before.
entailment	Pamela returned to Maldives.	Pamela has been to Maldives before.
entailment	Ben returned to North Korea.	Ben has been to North Korea before.
entailment	Jim returned to Bhutan.	Jim has been to Bhutan before.
entailment	Catherine returned to Singapore.	Catherine has been to Singapore before.
entailment	Leslie returned to Hungary.	Leslie has been to Hungary before.
entailment	Colin returned to Switzerland.	Colin has been to Switzerland before.
entailment	Judith returned to United Arab Emirates.	Judith has been to United Arab Emirates before.
entailment	Hugh returned to Philippines.	Hugh has been to Philippines before.
entailment	Evelyn returned to Nepal.	Evelyn has been to Nepal before.
entailment	Lucy returned to Italy.	Lucy has been to Italy before.
entailment	Linda returned to Cuba.	Linda has been to Cuba before.
entailment	Stephanie returned to United States of America.	Stephanie has been to United States of America before.
entailment	Jimmy returned to Thailand.	Jimmy has been to Thailand before.
entailment	Michael returned to North Korea.	Michael has been to North Korea before.
entailment	Frank returned to Haiti.	Frank has been to Haiti before.
entailment	Peter returned to United Kingdom.	Peter has been to United Kingdom before.
entailment	Nick returned to Haiti.	Nick has been to Haiti before.
entailment	Matt returned to Colombia.	Matt has been to Colombia before.
entailment	Sharon returned to Philippines.	Sharon has been to Philippines before.
entailment	Marilyn returned to Vietnam.	Marilyn has been to Vietnam before.
entailment	Claire returned to Netherlands.	Claire has been to Netherlands before.
entailment	Anthony returned to Switzerland.	Anthony has been to Switzerland before.
entailment	Maria returned to Iran.	Maria has been to Iran before.
entailment	Anne returned to Ireland.	Anne has been to Ireland before.
entailment	Diane returned to Uruguay.	Diane has been to Uruguay before.
entailment	Matthew returned to France.	Matthew has been to France before.
entailment	Carol returned to Finland.	Carol has been to Finland before.
entailment	Jay returned to Belgium.	Jay has been to Belgium before.
entailment	Kevin returned to Denmark.	Kevin has been to Denmark before.
entailment	Wendy returned to Brazil.	Wendy has been to Brazil before.
entailment	Florence returned to Cuba.	Florence has been to Cuba before.
entailment	Kelly returned to Azerbaijan.	Kelly has been to Azerbaijan before.
entailment	Jane returned to Belarus.	Jane has been to Belarus before.
entailment	Donna returned to Indonesia.	Donna has been to Indonesia before.
entailment	Ray returned to North Korea.	Ray has been to North Korea before.
entailment	John returned to Taiwan.	John has been to Taiwan before.
entailment	Al returned to Finland.	Al has been to Finland before.
entailment	Suzanne returned to China.	Suzanne has been to China before.
entailment	Florence returned to Mexico.	Florence has been to Mexico before.
entailment	Sally returned to Germany.	Sally has been to Germany before.
entailment	Joan returned to Finland.	Joan has been to Finland before.
entailment	Kenneth returned to Iraq.	Kenneth has been to Iraq before.
entailment	Adam returned to Belarus.	Adam has been to Belarus before.
entailment	Charlie returned to Denmark.	Charlie has been to Denmark before.
entailment	Lawrence returned to Iraq.	Lawrence has been to Iraq before.
entailment	Carol returned to Portugal.	Carol has been to Portugal before.
entailment	Ruth returned to Philippines.	Ruth has been to Philippines before.
entailment	Katherine returned to Egypt.	Katherine has been to Egypt before.
entailment	Frederick returned to New Zealand.	Frederick has been to New Zealand before.
entailment	Bobby returned to Iraq.	Bobby has been to Iraq before.
entailment	Lucy returned to Georgia.	Lucy has been to Georgia before.
entailment	Laura returned to Philippines.	Laura has been to Philippines before.
entailment	Lauren returned to Belarus.	Lauren has been to Belarus before.
entailment	Sarah returned to Israel.	Sarah has been to Israel before.
entailment	Karen returned to North Korea.	Karen has been to North Korea before.
entailment	Catherine returned to Brazil.	Catherine has been to Brazil before.
entailment	Lisa returned to Ukraine.	Lisa has been to Ukraine before.
entailment	Ray returned to Pakistan.	Ray has been to Pakistan before.
entailment	Pamela returned to Iceland.	Pamela has been to Iceland before.
entailment	Henry returned to Afghanistan.	Henry has been to Afghanistan before.
entailment	Tony returned to Mexico.	Tony has been to Mexico before.
entailment	Sally returned to Haiti.	Sally has been to Haiti before.
entailment	Nancy returned to Russia.	Nancy has been to Russia before.
entailment	Florence returned to India.	Florence has been to India before.
entailment	Robert returned to Saudi Arabia.	Robert has been to Saudi Arabia before.
entailment	Jack returned to Nepal.	Jack has been to Nepal before.
entailment	Janet returned to Zimbabwe.	Janet has been to Zimbabwe before.
entailment	Stephanie returned to United Arab Emirates.	Stephanie has been to United Arab Emirates before.
entailment	Hugh returned to Israel.	Hugh has been to Israel before.
entailment	Chris returned to Colombia.	Chris has been to Colombia before.
entailment	Bill returned to Egypt.	Bill has been to Egypt before.
entailment	Harry returned to Poland.	Harry has been to Poland before.
entailment	Grace returned to United Arab Emirates.	Grace has been to United Arab Emirates before.
entailment	Charlie returned to Germany.	Charlie has been to Germany before.
entailment	Elizabeth returned to Sweden.	Elizabeth has been to Sweden before.
entailment	Victoria returned to North Korea.	Victoria has been to North Korea before.
entailment	Fiona returned to Thailand.	Fiona has been to Thailand before.
entailment	Frances returned to Argentina.	Frances has been to Argentina before.
entailment	Florence returned to Portugal.	Florence has been to Portugal before.
entailment	Ed returned to Qatar.	Ed has been to Qatar before.
entailment	Kathryn returned to Egypt.	Kathryn has been to Egypt before.
entailment	Wendy returned to Denmark.	Wendy has been to Denmark before.
entailment	Anna returned to Philippines.	Anna has been to Philippines before.
entailment	Annie returned to Azerbaijan.	Annie has been to Azerbaijan before.
entailment	Paul returned to Egypt.	Paul has been to Egypt before.
entailment	Wendy returned to Ukraine.	Wendy has been to Ukraine before.
entailment	Emily returned to Iraq.	Emily has been to Iraq before.
entailment	Kathleen returned to Haiti.	Kathleen has been to Haiti before.
entailment	Florence returned to Bhutan.	Florence has been to Bhutan before.
entailment	Lauren returned to Mexico.	Lauren has been to Mexico before.
entailment	Leslie returned to Australia.	Leslie has been to Australia before.
entailment	Bobby returned to Poland.	Bobby has been to Poland before.
entailment	Kathleen returned to Oman.	Kathleen has been to Oman before.
entailment	Alfred returned to Mexico.	Alfred has been to Mexico before.
entailment	Emily returned to Georgia.	Emily has been to Georgia before.
entailment	Kelly returned to Ireland.	Kelly has been to Ireland before.
entailment	Wendy returned to Australia.	Wendy has been to Australia before.
entailment	Sharon returned to New Zealand.	Sharon has been to New Zealand before.
entailment	Eric returned to Finland.	Eric has been to Finland before.
entailment	Francis returned to Laos.	Francis has been to Laos before.
entailment	Jerry returned to Australia.	Jerry has been to Australia before.
entailment	Ralph returned to Georgia.	Ralph has been to Georgia before.
entailment	Melissa returned to Germany.	Melissa has been to Germany before.
entailment	Eric returned to Brazil.	Eric has been to Brazil before.
entailment	Martha returned to Turkey.	Martha has been to Turkey before.
entailment	Greg returned to Ecuador.	Greg has been to Ecuador before.
entailment	Alfred returned to Colombia.	Alfred has been to Colombia before.
entailment	Kate returned to Iraq.	Kate has been to Iraq before.
entailment	Mike returned to Iraq.	Mike has been to Iraq before.
entailment	Harry returned to Cuba.	Harry has been to Cuba before.
entailment	Katie returned to India.	Katie has been to India before.
entailment	Annie returned to Maldives.	Annie has been to Maldives before.
entailment	Arthur returned to Maldives.	Arthur has been to Maldives before.
entailment	Roy returned to North Korea.	Roy has been to North Korea before.
entailment	David returned to Afghanistan.	David has been to Afghanistan before.
entailment	Kathryn returned to Ghana.	Kathryn has been to Ghana before.
entailment	Christopher returned to Laos.	Christopher has been to Laos before.
entailment	Billy returned to Sweden.	Billy has been to Sweden before.
entailment	Steven returned to Afghanistan.	Steven has been to Afghanistan before.
entailment	Harriet returned to Qatar.	Harriet has been to Qatar before.
entailment	Dan returned to China.	Dan has been to China before.
entailment	Ralph returned to Pakistan.	Ralph has been to Pakistan before.
entailment	Heather returned to South Korea.	Heather has been to South Korea before.
entailment	Marilyn returned to South Korea.	Marilyn has been to South Korea before.
entailment	Catherine returned to Belgium.	Catherine has been to Belgium before.
entailment	Louis returned to Fiji.	Louis has been to Fiji before.
entailment	Albert returned to Libya.	Albert has been to Libya before.
entailment	Paul returned to Belgium.	Paul has been to Belgium before.
entailment	Gary returned to Turkey.	Gary has been to Turkey before.
entailment	Joseph returned to Italy.	Joseph has been to Italy before.
entailment	Annie returned to Taiwan.	Annie has been to Taiwan before.
entailment	Thomas returned to Greece.	Thomas has been to Greece before.
entailment	Arthur returned to Uruguay.	Arthur has been to Uruguay before.
entailment	Sophie returned to United Arab Emirates.	Sophie has been to United Arab Emirates before.
entailment	Fiona returned to Azerbaijan.	Fiona has been to Azerbaijan before.
entailment	Leslie returned to United Kingdom.	Leslie has been to United Kingdom before.
entailment	Leslie returned to Belarus.	Leslie has been to Belarus before.
entailment	Amanda returned to Afghanistan.	Amanda has been to Afghanistan before.
entailment	Sharon returned to Azerbaijan.	Sharon has been to Azerbaijan before.
entailment	Frank returned to Ireland.	Frank has been to Ireland before.
entailment	Alfred returned to South Korea.	Alfred has been to South Korea before.
entailment	Kathy returned to Argentina.	Kathy has been to Argentina before.
entailment	Adam returned to Netherlands.	Adam has been to Netherlands before.
entailment	Matthew returned to Uruguay.	Matthew has been to Uruguay before.
entailment	Andrea returned to Indonesia.	Andrea has been to Indonesia before.
entailment	Louis returned to Singapore.	Louis has been to Singapore before.
entailment	Elaine returned to Australia.	Elaine has been to Australia before.
entailment	Dan returned to Belarus.	Dan has been to Belarus before.
entailment	James returned to Denmark.	James has been to Denmark before.
entailment	Lisa returned to Hungary.	Lisa has been to Hungary before.
entailment	Kim returned to Libya.	Kim has been to Libya before.
entailment	Roy returned to Switzerland.	Roy has been to Switzerland before.
entailment	Richard returned to Colombia.	Richard has been to Colombia before.
entailment	Christine returned to Singapore.	Christine has been to Singapore before.
entailment	Claire returned to France.	Claire has been to France before.
entailment	Anne returned to Chile.	Anne has been to Chile before.
entailment	Jimmy returned to Nepal.	Jimmy has been to Nepal before.
entailment	Mary returned to Maldives.	Mary has been to Maldives before.
entailment	Harry returned to Germany.	Harry has been to Germany before.
entailment	Victoria returned to Denmark.	Victoria has been to Denmark before.
entailment	Stephanie returned to South Korea.	Stephanie has been to South Korea before.
entailment	Joseph returned to United Arab Emirates.	Joseph has been to United Arab Emirates before.
entailment	Jay returned to Greece.	Jay has been to Greece before.
entailment	Lucy returned to South Korea.	Lucy has been to South Korea before.
entailment	Mike returned to China.	Mike has been to China before.
entailment	Johnny returned to South Korea.	Johnny has been to South Korea before.
entailment	Louise returned to Iran.	Louise has been to Iran before.
entailment	Kathleen returned to Argentina.	Kathleen has been to Argentina before.
entailment	David returned to Brazil.	David has been to Brazil before.
entailment	Ken returned to New Zealand.	Ken has been to New Zealand before.
entailment	Nancy returned to Germany.	Nancy has been to Germany before.
entailment	Sharon returned to Greece.	Sharon has been to Greece before.
entailment	Ben returned to Bangladesh.	Ben has been to Bangladesh before.
entailment	Jean returned to Nepal.	Jean has been to Nepal before.
entailment	Betty returned to Afghanistan.	Betty has been to Afghanistan before.
entailment	Rachel returned to Iceland.	Rachel has been to Iceland before.
entailment	John returned to Maldives.	John has been to Maldives before.
entailment	Donald returned to Iran.	Donald has been to Iran before.
entailment	Diana returned to Nepal.	Diana has been to Nepal before.
entailment	Ryan returned to United States of America.	Ryan has been to United States of America before.
entailment	Jessica returned to Australia.	Jessica has been to Australia before.
entailment	Ryan returned to Ghana.	Ryan has been to Ghana before.
entailment	Adam returned to North Korea.	Adam has been to North Korea before.
entailment	Alan returned to Greece.	Alan has been to Greece before.
entailment	Mary returned to Austria.	Mary has been to Austria before.
entailment	Kathy returned to Canada.	Kathy has been to Canada before.
entailment	Francis returned to Malaysia.	Francis has been to Malaysia before.
entailment	Donald returned to Finland.	Donald has been to Finland before.
entailment	Sue returned to Ecuador.	Sue has been to Ecuador before.
entailment	Joan returned to Singapore.	Joan has been to Singapore before.
entailment	Betty returned to Thailand.	Betty has been to Thailand before.
entailment	Philip returned to Poland.	Philip has been to Poland before.
entailment	Linda returned to Malaysia.	Linda has been to Malaysia before.
entailment	Stephanie returned to Malaysia.	Stephanie has been to Malaysia before.
entailment	Rebecca returned to Malaysia.	Rebecca has been to Malaysia before.
entailment	Colin returned to Germany.	Colin has been to Germany before.
entailment	Charles returned to India.	Charles has been to India before.
entailment	Arthur returned to Argentina.	Arthur has been to Argentina before.
entailment	Janet returned to Fiji.	Janet has been to Fiji before.
entailment	Sue returned to Brazil.	Sue has been to Brazil before.
entailment	Virginia returned to Singapore.	Virginia has been to Singapore before.
entailment	Alexandra returned to Egypt.	Alexandra has been to Egypt before.
entailment	Donald returned to Bangladesh.	Donald has been to Bangladesh before.
entailment	Edward returned to Uruguay.	Edward has been to Uruguay before.
entailment	Johnny returned to Australia.	Johnny has been to Australia before.
entailment	Dorothy returned to Austria.	Dorothy has been to Austria before.
entailment	Lucy returned to United Arab Emirates.	Lucy has been to United Arab Emirates before.
entailment	Suzanne returned to Pakistan.	Suzanne has been to Pakistan before.
entailment	Maria returned to Belgium.	Maria has been to Belgium before.
entailment	Anthony returned to New Zealand.	Anthony has been to New Zealand before.
entailment	Janet returned to Thailand.	Janet has been to Thailand before.
entailment	Bobby returned to Maldives.	Bobby has been to Maldives before.
entailment	Robert returned to Austria.	Robert has been to Austria before.
entailment	Katie returned to Austria.	Katie has been to Austria before.
entailment	Eleanor returned to Thailand.	Eleanor has been to Thailand before.
entailment	Dan returned to Iceland.	Dan has been to Iceland before.
entailment	Stephanie returned to Indonesia.	Stephanie has been to Indonesia before.
entailment	Karen returned to Japan.	Karen has been to Japan before.
entailment	Katie returned to Colombia.	Katie has been to Colombia before.
entailment	Donna returned to Turkey.	Donna has been to Turkey before.
entailment	Kathy returned to Argentina.	Kathy has been to Argentina before.
entailment	Albert returned to Canada.	Albert has been to Canada before.
entailment	Julie returned to Canada.	Julie has been to Canada before.
entailment	Harriet returned to Nepal.	Harriet has been to Nepal before.
entailment	Steven returned to United States of America.	Steven has been to United States of America before.
entailment	Katie returned to Portugal.	Katie has been to Portugal before.
entailment	Ed returned to Colombia.	Ed has been to Colombia before.
entailment	Emily returned to Singapore.	Emily has been to Singapore before.
entailment	Jessica returned to Uruguay.	Jessica has been to Uruguay before.
entailment	Sue returned to Nepal.	Sue has been to Nepal before.
entailment	Jeff returned to Bangladesh.	Jeff has been to Bangladesh before.
entailment	Roger returned to Maldives.	Roger has been to Maldives before.
entailment	Julie returned to United Kingdom.	Julie has been to United Kingdom before.
entailment	Peter returned to Haiti.	Peter has been to Haiti before.
entailment	Jennifer returned to Ukraine.	Jennifer has been to Ukraine before.
entailment	Jeff returned to Austria.	Jeff has been to Austria before.
entailment	Julie returned to Libya.	Julie has been to Libya before.
entailment	Jason returned to Turkey.	Jason has been to Turkey before.
entailment	Maria returned to Qatar.	Maria has been to Qatar before.
entailment	Chris returned to Singapore.	Chris has been to Singapore before.
entailment	Howard returned to Libya.	Howard has been to Libya before.
entailment	Paul returned to Ukraine.	Paul has been to Ukraine before.
entailment	Albert returned to France.	Albert has been to France before.
entailment	Christine returned to Portugal.	Christine has been to Portugal before.
entailment	Greg returned to Nepal.	Greg has been to Nepal before.
entailment	Wendy returned to Pakistan.	Wendy has been to Pakistan before.
entailment	Andrea returned to France.	Andrea has been to France before.
entailment	Arthur returned to Taiwan.	Arthur has been to Taiwan before.
entailment	John returned to Netherlands.	John has been to Netherlands before.
entailment	Katherine returned to Philippines.	Katherine has been to Philippines before.
entailment	Kathy returned to Austria.	Kathy has been to Austria before.
entailment	Tim returned to Malaysia.	Tim has been to Malaysia before.
entailment	Edith returned to Saudi Arabia.	Edith has been to Saudi Arabia before.
entailment	Amanda returned to Qatar.	Amanda has been to Qatar before.
entailment	James returned to Ghana.	James has been to Ghana before.
entailment	Elaine returned to Haiti.	Elaine has been to Haiti before.
entailment	Rebecca returned to Azerbaijan.	Rebecca has been to Azerbaijan before.
entailment	Ben returned to United States of America.	Ben has been to United States of America before.
entailment	Frank returned to Belarus.	Frank has been to Belarus before.
entailment	Rose returned to Oman.	Rose has been to Oman before.
entailment	Claire returned to Uruguay.	Claire has been to Uruguay before.
entailment	Ben returned to Mexico.	Ben has been to Mexico before.
entailment	William returned to North Korea.	William has been to North Korea before.
entailment	Sarah returned to Iraq.	Sarah has been to Iraq before.
entailment	Edwin returned to Azerbaijan.	Edwin has been to Azerbaijan before.
entailment	Bob returned to Cuba.	Bob has been to Cuba before.
entailment	Elizabeth returned to Austria.	Elizabeth has been to Austria before.
entailment	Kate returned to Ghana.	Kate has been to Ghana before.
entailment	Jean returned to Cuba.	Jean has been to Cuba before.
entailment	Harold returned to Canada.	Harold has been to Canada before.
entailment	Louise returned to Thailand.	Louise has been to Thailand before.
entailment	Emily returned to Iceland.	Emily has been to Iceland before.
entailment	Henry returned to Malaysia.	Henry has been to Malaysia before.
entailment	Lisa returned to Portugal.	Lisa has been to Portugal before.
entailment	George returned to Nepal.	George has been to Nepal before.
entailment	Ryan returned to Switzerland.	Ryan has been to Switzerland before.
entailment	Wendy returned to Netherlands.	Wendy has been to Netherlands before.
entailment	Jimmy returned to Azerbaijan.	Jimmy has been to Azerbaijan before.
entailment	Katie returned to Nepal.	Katie has been to Nepal before.
entailment	Carolyn returned to Colombia.	Carolyn has been to Colombia before.
entailment	James returned to Cuba.	James has been to Cuba before.
entailment	Judith returned to Cuba.	Judith has been to Cuba before.
entailment	Sandra returned to Iraq.	Sandra has been to Iraq before.
entailment	Ray returned to Bangladesh.	Ray has been to Bangladesh before.
entailment	Marie returned to Hungary.	Marie has been to Hungary before.
entailment	Rose returned to Cuba.	Rose has been to Cuba before.
entailment	Kenneth returned to Sweden.	Kenneth has been to Sweden before.
entailment	Patrick returned to Japan.	Patrick has been to Japan before.
entailment	Kathy returned to Hungary.	Kathy has been to Hungary before.
entailment	Wendy returned to France.	Wendy has been to France before.
entailment	Hugh returned to Georgia.	Hugh has been to Georgia before.
entailment	Ian returned to France.	Ian has been to France before.
entailment	Ed returned to Maldives.	Ed has been to Maldives before.
entailment	Martha returned to Pakistan.	Martha has been to Pakistan before.
entailment	Anne returned to Fiji.	Anne has been to Fiji before.
entailment	Heather returned to North Korea.	Heather has been to North Korea before.
entailment	Catherine returned to Canada.	Catherine has been to Canada before.
entailment	Kevin returned to France.	Kevin has been to France before.
entailment	Maria returned to United Kingdom.	Maria has been to United Kingdom before.
entailment	Alexander returned to Denmark.	Alexander has been to Denmark before.
entailment	Lynn returned to Finland.	Lynn has been to Finland before.
entailment	Mary returned to France.	Mary has been to France before.
entailment	Jason returned to United Arab Emirates.	Jason has been to United Arab Emirates before.
entailment	Elizabeth returned to Bhutan.	Elizabeth has been to Bhutan before.
entailment	Stephen returned to Taiwan.	Stephen has been to Taiwan before.
entailment	Charles returned to Brazil.	Charles has been to Brazil before.
entailment	Harold returned to South Korea.	Harold has been to South Korea before.
entailment	Peter returned to France.	Peter has been to France before.
entailment	Adam returned to Bangladesh.	Adam has been to Bangladesh before.
entailment	Frederick returned to Haiti.	Frederick has been to Haiti before.
entailment	Ed returned to Finland.	Ed has been to Finland before.
entailment	Elizabeth returned to Brazil.	Elizabeth has been to Brazil before.
entailment	Stephanie returned to Libya.	Stephanie has been to Libya before.
entailment	Jack returned to China.	Jack has been to China before.
entailment	Alan returned to Ireland.	Alan has been to Ireland before.
entailment	Samuel returned to New Zealand.	Samuel has been to New Zealand before.
entailment	Ellen returned to Bangladesh.	Ellen has been to Bangladesh before.
entailment	Karen returned to Switzerland.	Karen has been to Switzerland before.
entailment	Nicole returned to Afghanistan.	Nicole has been to Afghanistan before.
entailment	Marie returned to Belgium.	Marie has been to Belgium before.
entailment	Francis returned to Zimbabwe.	Francis has been to Zimbabwe before.
entailment	David returned to Malaysia.	David has been to Malaysia before.
entailment	Jean returned to Zimbabwe.	Jean has been to Zimbabwe before.
entailment	Mary returned to Iraq.	Mary has been to Iraq before.
entailment	Steve returned to Pakistan.	Steve has been to Pakistan before.
entailment	Sarah returned to Canada.	Sarah has been to Canada before.
entailment	Bruce returned to Sweden.	Bruce has been to Sweden before.
entailment	Grace returned to Haiti.	Grace has been to Haiti before.
entailment	Kathryn returned to Russia.	Kathryn has been to Russia before.
entailment	Sue returned to Bhutan.	Sue has been to Bhutan before.
entailment	Sharon returned to Pakistan.	Sharon has been to Pakistan before.
entailment	Alison returned to Vietnam.	Alison has been to Vietnam before.
entailment	Jay returned to Iraq.	Jay has been to Iraq before.
entailment	Walter returned to Greece.	Walter has been to Greece before.
entailment	James returned to China.	James has been to China before.
entailment	Eleanor returned to Bangladesh.	Eleanor has been to Bangladesh before.
entailment	Daniel returned to Pakistan.	Daniel has been to Pakistan before.
entailment	Lynn returned to Germany.	Lynn has been to Germany before.
entailment	Annie returned to Chile.	Annie has been to Chile before.
entailment	Angela returned to Fiji.	Angela has been to Fiji before.
entailment	Matthew returned to Ukraine.	Matthew has been to Ukraine before.
entailment	Don returned to Thailand.	Don has been to Thailand before.
entailment	Ken returned to Japan.	Ken has been to Japan before.
entailment	Louis returned to Israel.	Louis has been to Israel before.
entailment	Laura returned to Georgia.	Laura has been to Georgia before.
entailment	Robert returned to Switzerland.	Robert has been to Switzerland before.
entailment	Katherine returned to Hungary.	Katherine has been to Hungary before.
entailment	Francis returned to Bangladesh.	Francis has been to Bangladesh before.
entailment	Margaret returned to South Korea.	Margaret has been to South Korea before.
entailment	Alan returned to Georgia.	Alan has been to Georgia before.
entailment	Robert returned to Maldives.	Robert has been to Maldives before.
entailment	Arthur returned to Zimbabwe.	Arthur has been to Zimbabwe before.
entailment	Joan returned to Malaysia.	Joan has been to Malaysia before.
entailment	Lynn returned to China.	Lynn has been to China before.
entailment	Francis returned to Chile.	Francis has been to Chile before.
entailment	Michelle returned to Vietnam.	Michelle has been to Vietnam before.
entailment	Frances returned to Vietnam.	Frances has been to Vietnam before.
entailment	Tim returned to Uruguay.	Tim has been to Uruguay before.
entailment	Jerry returned to Israel.	Jerry has been to Israel before.
entailment	Emily returned to Sweden.	Emily has been to Sweden before.
entailment	Ellen returned to Russia.	Ellen has been to Russia before.
entailment	Amy returned to United Arab Emirates.	Amy has been to United Arab Emirates before.
entailment	Kevin returned to Oman.	Kevin has been to Oman before.
entailment	Sally returned to Chile.	Sally has been to Chile before.
entailment	Daniel returned to India.	Daniel has been to India before.
entailment	Susan returned to Mexico.	Susan has been to Mexico before.
entailment	Lynn returned to South Korea.	Lynn has been to South Korea before.
entailment	Thomas returned to Georgia.	Thomas has been to Georgia before.
entailment	Nick returned to Thailand.	Nick has been to Thailand before.
entailment	George returned to Ireland.	George has been to Ireland before.
entailment	Suzanne returned to Portugal.	Suzanne has been to Portugal before.
entailment	Jennifer returned to Thailand.	Jennifer has been to Thailand before.
entailment	Martha returned to Russia.	Martha has been to Russia before.
entailment	Marie returned to Uruguay.	Marie has been to Uruguay before.
